"where","en (English)","es (Español)","pt (Português)","fr (Français)","de (Deutsch)","nl (Nederlands)","vi (Tiếng Việt)","zhs (简体中文)","zht (繁體中文)","ko (한국어)","ja (日本語)","da (Dansk)","sr (Српски)","ar (العربية)","it (Italiano)","th (ไทย)","ru (Русский)","hi (हिन्दी)","mn (Монгол)"
"name","English","Español","Português","Français","Deutsch","Nederlands","Tiếng Việt","简体中文","繁體中文","한국어","日本語","Dansk","Српски","العربية","Italiano","ไทย","Русский","हिन्दी","Монгол"
"greet","Aloha! Welcome","¡Aloha! Bienvenidos","Aloha! Bem-vindos","Aloha ! Bienvenue","Aloha! Willkommen","Aloha! Welkom","Aloha! Xin chào quý khách","Aloha！欢迎光临","Aloha！歡迎光臨","알로하! 환영합니다","アロハ！ようこそ","Aloha! Velkommen","Алоха! Добро дошли","ألوها! أهلاً وسهلاً بكم","Aloha! Benvenuti","อะโลฮา! ยินดีต้อนรับ","Алоха! Добро пожаловать","अलोहा! स्वागत है","Алоха! Тавтай морил"
"qr","Scan to open on your phone","Escaneen para abrir la guía en su teléfono","Escaneiem para abrir no celular","Scannez pour ouvrir sur votre téléphone","Zum Öffnen auf dem Handy scannen","Scan om te openen op uw telefoon","Quét để mở trên điện thoại","扫码在手机上打开","掃描在手機上開啟","스캔하여 휴대폰에서 열기","スマホで読み取って開く","Scan for at åbne guiden på jeres telefon","Скенирајте да бисте отворили водич на телефону","امسحوا الرمز لفتح الدليل على هواتفكم","Scansionate per aprire la guida sul telefono","สแกนเพื่อเปิดคู่มือบนโทรศัพท์ของคุณ","Отсканируйте, чтобы открыть на телефоне","अपने फ़ोन पर खोलने के लिए स्कैन करें","Утсандаа нээхийн тулд QR уншуулаарай"
"busy.title","Aloha! Thank You for Your Patience","¡Aloha! Gracias por su paciencia","Aloha! Obrigado pela sua paciência","Aloha ! Merci de votre patience","Aloha! Vielen Dank für Ihre Geduld","Aloha! Bedankt voor uw geduld","Aloha! Cảm ơn quý khách đã chờ","Aloha！感谢您的耐心等候","Aloha！感謝您的耐心等候","알로하! 기다려 주셔서 감사합니다","アロハ！お待ちいただきありがとうございます","Aloha! Tak for din tålmodighed","Алоха! Хвала на стрпљењу","ألوها! شكراً لصبركم","Aloha! Grazie per la vostra pazienza","อะโลฮา! ขอบคุณที่รอ","Алоха! Спасибо за ваше терпение","अलोहा! आपके धैर्य के लिए धन्यवाद","Алоха! Хүлээсэнд баярлалаа"
"busy.p1","We're welcoming many guests at the moment, so seating may take a little longer than usual.","En este momento estamos recibiendo a muchos huéspedes, por lo que sentarse puede tardar un poco más de lo habitual.","Estamos recebendo muitos convidados neste momento, por isso a acomodação pode levar um pouco mais de tempo do que o normal.","Nous accueillons beaucoup de monde en ce moment ; l'installation à table peut donc prendre un peu plus de temps que d'habitude.","Wir begrüßen derzeit sehr viele Gäste, daher kann es mit der Platzierung etwas länger dauern als gewöhnlich.","We verwelkomen op dit moment veel gasten, dus het kan iets langer duren voordat u een plaats krijgt dan normaal.","Hiện nhà hàng đang rất đông khách nên việc xếp chỗ có thể lâu hơn bình thường một chút. Mong quý khách thông cảm.","目前用餐的客人较多，安排入座可能需要多等一会儿，请您谅解。","目前用餐的客人較多，安排入座可能需要多等一會兒，還請見諒。","지금 손님이 많아 자리 안내가 평소보다 조금 늦어질 수 있습니다.","ただいま大変混み合っており、お席のご案内にいつもより少しお時間がかかっています。","Vi byder lige nu mange gæster velkommen, så det kan tage lidt længere end normalt at få anvist en plads.","Тренутно дочекујемо много гостију, па распоређивање за столове може потрајати нешто дуже него обично.","نستقبل عدداً كبيراً من الضيوف في الوقت الحالي، لذا قد يستغرق تخصيص الطاولات وقتاً أطول قليلاً من المعتاد.","In questo momento stiamo accogliendo molti ospiti, quindi l'assegnazione dei tavoli potrebbe richiedere un po' più tempo del solito.","ตอนนี้มีแขกจำนวนมาก การจัดที่นั่งอาจใช้เวลานานกว่าปกติเล็กน้อย ขออภัยในความไม่สะดวก","Сейчас у нас много гостей, поэтому размещение за столами может занять немного больше времени, чем обычно.","इस समय हम बहुत से मेहमानों का स्वागत कर रहे हैं, इसलिए बैठने की व्यवस्था में सामान्य से थोड़ा अधिक समय लग सकता है।","Одоо зочин олонтой байгаа тул суудал өгөхөд ердийнхөөс арай удаж магадгүй. Хүлээлгэж байгаад уучлаарай."
"busy.p2","Our team will be with you as soon as possible. In the meantime, feel free to explore our Guest Guide and discover more things to enjoy during your visit.","Nuestro equipo los atenderá lo antes posible. Mientras tanto, los invitamos a explorar nuestra Guía para Visitantes y descubrir más cosas para disfrutar durante su visita.","Nossa equipe atenderá vocês o mais rápido possível. Enquanto isso, fiquem à vontade para explorar o nosso Guia do Visitante e descobrir mais coisas para aproveitar durante a sua visita.","Notre équipe sera à vous dès que possible. En attendant, n'hésitez pas à parcourir notre guide du visiteur et à découvrir d'autres choses à apprécier pendant votre visite.","Unser Team kümmert sich so bald wie möglich um Sie. In der Zwischenzeit können Sie gern unseren Gästeführer durchstöbern und weitere Dinge entdecken, die Sie bei Ihrem Besuch genießen können.","Ons team komt zo snel mogelijk bij u. Neem in de tussentijd gerust een kijkje in onze gastengids en ontdek meer dingen om van te genieten tijdens uw bezoek.","Chúng tôi sẽ phục vụ quý khách sớm nhất có thể. Trong lúc chờ, mời quý khách xem Cẩm nang du khách để biết thêm nhiều điều thú vị trong chuyến đi.","我们会尽快为您安排。等候期间，欢迎先浏览宾客指南，看看这次游览还有哪些好去处。","我們會盡快為您安排。等候期間，歡迎先瀏覽賓客指南，看看這趟旅程還有哪些好去處。","직원이 최대한 빨리 안내해 드리겠습니다. 기다리시는 동안 게스트 가이드를 둘러보시며 즐길 거리를 찾아보세요.","スタッフができるだけ早くご案内します。お待ちの間は、ゲストガイドをご覧ください。このあとの楽しみ方も見つかります。","Vores team kommer til dig, så snart det er muligt. Du er velkommen til at kigge i vores gæsteguide i mellemtiden og finde flere ting at nyde under dit besøg.","Наш тим ће се посветити вама што пре. У међувремену, слободно погледајте наш водич за госте и откријте још ствари у којима можете уживати током посете.","سيكون فريقنا معكم في أقرب وقت ممكن. وفي الأثناء، يسعدنا أن تتصفحوا دليل الضيوف وتكتشفوا المزيد من الأشياء التي يمكنكم الاستمتاع بها خلال زيارتكم.","Il nostro team sarà da voi il prima possibile. Nel frattempo, sentitevi liberi di sfogliare la nostra Guida per gli ospiti e scoprire altre cose da gustare durante la vostra visita.","ทีมงานจะดูแลคุณโดยเร็วที่สุด ระหว่างรอ ลองเปิดดูคู่มือสำหรับแขก จะมีไอเดียสนุก ๆ ให้เที่ยวต่อ","Наша команда подойдёт к вам как можно скорее. А пока вы можете изучить наш гид для гостей и узнать, чем ещё можно насладиться во время визита.","हमारी टीम जल्द से जल्द आपके पास पहुँचेगी। तब तक कृपया हमारी गेस्ट गाइड देखें और अपनी यात्रा के दौरान आनंद लेने लायक और बातें जानें।","Манай баг танд аль болох хурдан үйлчилнэ. Энэ хооронд зочны гарын авлагыг үзээд, айлчлалдаа хийж болох өөр зүйлсийг олоорой."
"busy.p3","Mahalo for your patience and understanding. We look forward to serving you!","Mahalo por su paciencia y comprensión. ¡Esperamos poder atenderlos!","Mahalo pela paciência e pela compreensão. Estamos ansiosos para atendê-los!","Mahalo pour votre patience et votre compréhension. Nous avons hâte de vous servir !","Mahalo für Ihre Geduld und Ihr Verständnis. Wir freuen uns darauf, Sie zu bedienen!","Mahalo voor uw geduld en begrip. We kijken ernaar uit u te bedienen!","Cảm ơn quý khách đã kiên nhẫn và thông cảm. Rất mong được phục vụ quý khách!","让您久等了，感谢您的耐心与理解！","讓您久等了，感謝您的耐心與體諒！","기다려 주셔서 감사합니다. 곧 모시겠습니다!","お待たせして申し訳ありません。ご理解いただき、ありがとうございます！","Mahalo for din tålmodighed og forståelse. Vi glæder os til at betjene dig!","Махало на стрпљењу и разумевању. Радујемо се што ћемо вас послужити!","ماهالو على صبركم وتفهمكم. نتطلع إلى خدمتكم!","Mahalo per la pazienza e la comprensione. Non vediamo l'ora di servirvi!","ขอบคุณสำหรับความอดทนและความเข้าใจ เรายินดีให้บริการคุณ","Махало за терпение и понимание. Мы с нетерпением ждём возможности вас обслужить!","आपके धैर्य और समझ के लिए महालो। हम आपकी सेवा करने के लिए उत्सुक हैं!","Тэвчээртэй хүлээж, ойлгосонд Махало. Танд үйлчлэхэд бэлэн байна!"
"busy.ok","Explore the Guide","Explorar la guía","Explorar o guia","Découvrir le guide","Gästeführer ansehen","Bekijk de gids","Xem cẩm nang","浏览指南","瀏覽指南","가이드 보기","ガイドを見る","Se guiden","Погледајте водич","تصفّح الدليل","Scopri la guida","ดูคู่มือ","Открыть гид","गाइड देखें","Гарын авлага үзэх"
"tabs.guide","Welcome Guide","Guía","Informações","Infos","Hinweise","Info","Hướng dẫn","用餐须知","用餐須知","이용 안내","ご利用案内","Info","Упутство","دليل الضيوف","Info","คำแนะนำ","Добро пожаловать","स्वागत गाइड","Заавар"
"tabs.acts","Things to Do","Qué hacer","O que fazer","À faire","Aktivitäten","Te doen","Hoạt động","表演前活动","表演前活動","즐길 거리","おすすめ","Oplevelser","Активности","أنشطة","Da fare","กิจกรรม","Чем заняться","करने के लिए","Хийх зүйлс"
"tabs.close","Before You Go","Antes de irse","Antes de ir","Avant de partir","Zum Abschied","Tot ziens","Trước khi về","离开之前","離開之前","떠나시기 전에","お帰りの前に","Inden I går","Пре одласка","قبل المغادرة","Prima di andare","ก่อนกลับ","Перед уходом","जाने से पहले","Явахын өмнө"
"guide.server","Your server today:","Su mesero hoy:","Seu garçom hoje:","Votre serveur aujourd'hui :","Ihre Bedienung heute:","Uw ober vandaag:","Người phục vụ hôm nay:","今天为您服务的是：","今天為您服務的是：","오늘 담당 직원:","本日の担当：","Jeres tjener i dag:","Ваш конобар данас:","النادل الذي يخدمكم اليوم:","Il vostro cameriere oggi:","พนักงานเสิร์ฟของท่านวันนี้:","Ваш официант сегодня:","आज आपके सर्वर:","Өнөөдрийн үйлчлэгч:"
"guide.items[self].title","Self-Service Buffet","Buffet de autoservicio","Buffet self-service","Buffet en libre-service","Selbstbedienungsbuffet","Zelfbedieningsbuffet","Buffet tự phục vụ","自助餐","自助餐","셀프 서비스 뷔페","セルフサービスのビュッフェ","Selvbetjeningsbuffet","Шведски сто са самопослуживањем","بوفيه بخدمة ذاتية","Buffet self-service","บุฟเฟต์แบบบริการตนเอง","Шведский стол самообслуживания","सेल्फ़-सर्विस बफ़े","Өөртөө үйлчлэх шведийн ширээ"
"guide.items[self].text","This is a self-service buffet. Please feel free to enjoy as much food as you like, and we hope you have a wonderful meal.","Este es un buffet de autoservicio. Sírvanse lo que quieran y cuanto quieran. ¡Que lo disfruten!","Este é um buffet self-service. Sirvam-se à vontade; desejamos a vocês uma ótima refeição.","Ce buffet est en libre-service. Servez-vous autant que vous le souhaitez ; nous vous souhaitons un excellent repas.","Dies ist ein Selbstbedienungsbuffet. Bedienen Sie sich gerne nach Herzenslust – wir wünschen Ihnen ein wunderbares Essen.","Dit is een zelfbedieningsbuffet. Neem gerust zoveel als u wilt; wij wensen u een heerlijke maaltijd.","Đây là buffet tự phục vụ. Quý khách cứ tự nhiên dùng bao nhiêu tùy thích, chúc quý khách có một bữa ăn thật ngon miệng.","这里是自助餐，您可以随意取用喜欢的食物，请慢慢享用。","這裡是自助餐，您可以自由取用喜歡的餐點，請慢慢享用。","이곳은 셀프 뷔페입니다. 드시고 싶은 음식을 원하는 만큼 가져다 드세요. 맛있게 드세요!","当店のビュッフェはセルフサービスです。お好きなものを、お好きなだけ召し上がってください。どうぞごゆっくりお楽しみください。","Dette er en selvbetjeningsbuffet. Tag endelig så meget mad, I har lyst til – vi håber, I får et dejligt måltid.","Ово је шведски сто са самопослуживањем. Послужите се слободно колико год желите – желимо вам пријатан оброк.","هذا بوفيه بخدمة ذاتية. تفضّلوا بتناول ما تشاؤون من الطعام، ونتمنى لكم وجبة رائعة.","Questo è un buffet self-service. Servitevi pure quanto desiderate: vi auguriamo un pasto meraviglioso.","ที่นี่เป็นบุฟเฟต์แบบบริการตนเอง เชิญรับประทานอาหารได้ตามต้องการ และขอให้ท่านเพลิดเพลินกับมื้ออาหาร","Это шведский стол с самообслуживанием. Берите любое количество блюд — приятного аппетита!","यह एक सेल्फ़-सर्विस बफ़े है। आप जितना चाहें उतना खाना ले सकते हैं। हमें आशा है कि आपका भोजन शानदार रहेगा।","Энэ бол өөрөө аваад идэх шведийн ширээ. Дуртай хоолоо хүссэн хэмжээгээрээ аваарай. Сайхан хооллоорой!"
"guide.items[buffet].title","Buffet Areas & Food","Áreas del buffet y comida","Áreas do buffet e pratos","Espaces du buffet et plats","Buffetbereiche & Speisen","Buffet en gerechten","Khu buffet và món ăn","自助区与菜品","自助區與菜色","뷔페 구역 및 음식 종류","ビュッフェエリアとお料理","Buffet og retter","Делови шведског стола и јела","أقسام البوفيه والأطباق","Aree del buffet e piatti","โซนบุฟเฟต์และรายการอาหาร","Зоны шведского стола и блюда","बफ़े क्षेत्र और भोजन","Хоолны хэсгүүд"
"guide.items[buffet].text","The buffet is organized into different food categories, so you may start anywhere you like.
You'll find selections such as a kids' menu, sirloin steak, assorted meats, chicken, ahi sashimi, poke, seafood, vegetables, rice, salads, and desserts.
Drink stations are located on both sides of the building. Plates are available beneath the main buffet line and in the salad and dessert area.","El buffet está organizado por categorías de comida, así que pueden comenzar por donde prefieran.
Encontrarán opciones como menú infantil, filete de res (sirloin), carnes variadas, pollo, sashimi de atún (ahi), poke, mariscos, verduras, arroz, ensaladas y postres.
Las estaciones de bebidas se encuentran a ambos lados del edificio. Hay platos debajo de la barra principal del buffet y en el área de ensaladas y postres.","O buffet é organizado por categorias de comida, então vocês podem começar por onde preferirem.
Vocês encontrarão opções como cardápio infantil, contrafilé, carnes variadas, frango, sashimi de atum (ahi), poke, frutos do mar, legumes, arroz, saladas e sobremesas.
As estações de bebidas ficam dos dois lados do prédio. Há pratos embaixo do balcão principal do buffet e na área de saladas e sobremesas.","Le buffet est organisé par catégories de plats : vous pouvez commencer où vous le souhaitez.
Vous y trouverez notamment un menu enfant, du faux-filet, des viandes variées, du poulet, du sashimi de thon (ahi), du poke, des fruits de mer, des légumes, du riz, des salades et des desserts.
Des fontaines à boissons se trouvent des deux côtés du bâtiment. Des assiettes sont disponibles sous le buffet principal et dans l'espace salades et desserts.","Das Buffet ist nach Speisekategorien gegliedert, Sie können also beginnen, wo Sie möchten.
Sie finden unter anderem ein Kindermenü, Sirloin-Steak, verschiedene Fleischgerichte, Hähnchen, Ahi-Sashimi (Thunfisch), Poke, Meeresfrüchte, Gemüse, Reis, Salate und Desserts.
Getränkestationen befinden sich auf beiden Seiten des Gebäudes. Teller stehen unter der Hauptbuffettheke sowie im Salat- und Dessertbereich bereit.","Het buffet is ingedeeld in verschillende categorieën, dus u kunt beginnen waar u maar wilt.
U vindt onder meer een kindermenu, entrecote, diverse vleesgerechten, kip, ahi-sashimi (tonijn), poke, zeevruchten, groenten, rijst, salades en desserts.
Drankstations vindt u aan beide kanten van het gebouw. Borden staan onder het hoofdbuffet en bij de salade- en dessertafdeling.","Buffet được sắp xếp theo từng nhóm món, quý khách có thể bắt đầu ở bất kỳ khu nào.
Quý khách sẽ tìm thấy các món như thực đơn trẻ em, bít tết thăn bò, các món thịt, gà, sashimi cá ngừ, poke, hải sản, rau, cơm, salad và món tráng miệng.
Quầy đồ uống nằm ở hai bên tòa nhà. Đĩa được đặt bên dưới quầy buffet chính và tại khu salad & tráng miệng.","自助餐按不同菜品类别分区摆放，您可以从任意区域开始取餐。
菜品包括儿童餐、西冷牛排、各式肉类、鸡肉、金枪鱼生鱼片、夏威夷拌生鱼（poke）、海鲜、蔬菜、米饭、沙拉和甜点等。
饮料区位于建筑两侧。餐盘放在主自助餐台下方以及沙拉和甜点区。","自助餐依不同菜色類別分區擺放，您可以從任何區域開始取餐。
菜色包括兒童餐、沙朗牛排、各式肉類、雞肉、鮪魚生魚片、夏威夷拌生魚（poke）、海鮮、蔬菜、白飯、沙拉和甜點等。
飲料區位於建築兩側。餐盤放在主自助餐檯下方以及沙拉和甜點區。","뷔페는 음식 종류별로 구역이 나뉘어 있으니, 원하시는 곳부터 자유롭게 이용하세요.
어린이 메뉴, 등심 스테이크, 다양한 고기 요리, 닭고기, 참치 사시미, 포케, 해산물, 채소, 밥, 샐러드, 디저트 등이 준비되어 있습니다.
음료 코너는 건물 양쪽에 있습니다. 접시는 메인 뷔페 라인 아래쪽과 샐러드 및 디저트 구역에 있습니다.","お料理はジャンルごとにコーナーが分かれていますので、お好きなところからどうぞ。
キッズメニュー、サーロインステーキ、いろいろなお肉料理、チキン、アヒ（マグロ）のお刺身、ポキ、シーフード、野菜、ご飯、サラダ、デザートなどがあります。
ドリンクコーナーは建物の両サイドにあります。お皿はメインのビュッフェラインの下と、サラダ・デザートコーナーにあります。","Buffeten er inddelt efter madkategorier, så I kan starte, hvor I vil.
I finder blandt andet børnemenu, sirloin steak, forskellige kødretter, kylling, ahi-sashimi (tun), poke, skaldyr, grøntsager, ris, salater og desserter.
Drikkestationerne findes i begge sider af bygningen. Tallerkener står under hovedbuffeten samt i salat- og dessertområdet.","Шведски сто је подељен по врстама јела, па можете почети где год желите.
Наћи ћете, између осталог, дечји мени, сирлоин стек, разне врсте меса, пилетину, ахи сашими (туна), поке, морске плодове, поврће, пиринач, салате и десерте.
Станице за пиће налазе се са обе стране зграде. Тањири су доступни испод главног шведског стола и у делу са салатама и десертима.","البوفيه مقسّم حسب فئات الطعام، لذا يمكنكم البدء من أي قسم تفضّلونه.
ستجدون خيارات مثل قائمة الأطفال، وستيك السيرلوين، ولحوماً متنوعة، ودجاجاً، وساشيمي التونة (أهي)، والبوكي، والمأكولات البحرية، والخضروات، والأرز، والسلطات، والحلويات.
تقع محطات المشروبات على جانبي المبنى، وتتوفر الأطباق أسفل خط البوفيه الرئيسي وفي ركن السلطات والحلويات.","Il buffet è organizzato per categorie di piatti, quindi potete iniziare da dove preferite.
Troverete, tra l'altro, un menù per bambini, controfiletto (sirloin), carni assortite, pollo, sashimi di tonno (ahi), poke, frutti di mare, verdure, riso, insalate e dessert.
Le postazioni bevande si trovano su entrambi i lati dell'edificio. I piatti sono disponibili sotto il bancone principale del buffet e nell'area insalate e dessert.","บุฟเฟต์จัดแบ่งเป็นโซนตามประเภทอาหาร ท่านสามารถเริ่มจากโซนใดก็ได้ตามต้องการ
มีอาหารให้เลือก เช่น เมนูสำหรับเด็ก สเต๊กเซอร์ลอยน์ เนื้อสัตว์หลากหลายชนิด ไก่ ซาชิมิปลาทูน่า (อาฮิ) โปเกะ อาหารทะเล ผัก ข้าว สลัด และของหวาน
จุดบริการเครื่องดื่มอยู่ทั้งสองฝั่งของอาคาร ส่วนจานวางอยู่ใต้ไลน์บุฟเฟต์หลักและบริเวณสลัดและของหวาน","Шведский стол разделён по категориям блюд, поэтому можно начинать с любого места.
В меню: детское меню, стейк из говяжьей вырезки, ассорти из мяса, курица, сашими из тунца ahi, поке, морепродукты, овощи, рис, салаты и десерты.
Зоны с напитками расположены с обеих сторон здания. Тарелки лежат под основной линией раздачи, а также в зоне салатов и десертов.","बफ़े अलग-अलग श्रेणियों में बँटा है, इसलिए आप जहाँ से चाहें शुरू कर सकते हैं।
यहाँ बच्चों का मेन्यू, सर्लॉइन स्टेक, तरह-तरह के मांस, चिकन, अही साशिमी, पोके, सी-फ़ूड, सब्ज़ियाँ, चावल, सलाद और मिठाइयाँ मिलेंगी।
पेय स्टेशन इमारत के दोनों ओर हैं। प्लेटें मुख्य बफ़े लाइन के नीचे तथा सलाद और मिठाई वाले हिस्से में उपलब्ध हैं।","Хоол төрлөөр нь тусдаа хэсэгт байрладаг тул дуртай газраасаа эхлээрэй.
Хүүхдийн цэс, үхрийн стейк, төрөл бүрийн мах, тахианы мах, туна загасны сашими, поке, далайн бүтээгдэхүүн, ногоо, цагаан будаа, салат, амттан зэрэг бий.
Ундааны цэгүүд барилгын хоёр талд байна. Таваг нь гол шугамын доор болон салат, амттаны хэсэгт бэлэн байгаа."
"guide.items[icecream].title","Ice Cream & Dole Pineapple Soft Serve","Helados y helado suave de piña Dole","Sorvete e sorvete soft de abacaxi Dole","Glaces et glace italienne à l'ananas Dole","Eis & Dole-Ananas-Softeis","IJs & Dole-ananassoftijs","Kem & kem tươi dứa Dole","冰淇淋与 Dole 菠萝软冰淇淋","冰淇淋與 Dole 鳳梨霜淇淋","아이스크림 & Dole 파인애플 소프트아이스크림","アイスクリームとDoleパイナップルソフト","Is & Dole-ananas-softice","Сладолед и Dole меки сладолед од ананаса","الآيس كريم وآيس كريم الأناناس الطري من Dole","Gelati e gelato soft all'ananas Dole","ไอศกรีมและซอฟต์เสิร์ฟสับปะรด Dole","Мороженое и мягкое ананасовое мороженое Dole","आइसक्रीम और डोल पाइनएपल सॉफ़्ट सर्व","Зайрмаг, Dole хан боргоцойн зөөлөн зайрмаг"
"guide.items[icecream].text","Ice cream stations are available on both sides of the building.
Dole pineapple soft serve is available on the Hauʻula side. Please ask a server for assistance.","Hay estaciones de helado a ambos lados del edificio.
El helado suave de piña Dole se encuentra del lado de Hauʻula. Si necesitan ayuda, pregunten a un mesero.","Há estações de sorvete dos dois lados do prédio.
O sorvete soft de abacaxi Dole fica do lado de Hauʻula. Se precisarem de ajuda, falem com um garçom.","Des stations de glaces se trouvent des deux côtés du bâtiment.
La glace à l'italienne à l'ananas Dole est disponible côté Hauʻula. N'hésitez pas à demander de l'aide à un serveur.","Eisstationen finden Sie auf beiden Seiten des Gebäudes.
Das Dole-Ananas-Softeis gibt es auf der Hauʻula-Seite. Bei Fragen hilft Ihnen unser Servicepersonal gerne weiter.","Aan beide kanten van het gebouw vindt u ijsstations.
Het Dole-ananassoftijs vindt u aan de Hauʻula-kant. Vraag gerust een van onze medewerkers om hulp.","Quầy kem có ở cả hai bên tòa nhà.
Kem tươi vị dứa Dole có ở phía Hauʻula. Quý khách vui lòng nhờ nhân viên phục vụ hỗ trợ.","建筑两侧均设有冰淇淋区。
Dole 菠萝软冰淇淋位于 Hauʻula 一侧。如需帮助，请询问服务员。","建築兩側都設有冰淇淋區。
Dole 鳳梨霜淇淋位於 Hauʻula 那一側。如需協助，請詢問服務人員。","아이스크림 코너는 건물 양쪽에 있습니다.
Dole 파인애플 소프트아이스크림은 하우울라(Hauʻula) 쪽에 있습니다. 도움이 필요하시면 서버에게 말씀해 주세요.","アイスクリームコーナーは建物の両サイドにあります。
Doleのパイナップルソフトクリームは、ハウウラ（Hauʻula）側にあります。スタッフにお声がけください。","Der er isstationer i begge sider af bygningen.
Dole-ananas-softice findes på Hauʻula-siden. Spørg gerne en tjener om hjælp.","Станице са сладоледом налазе се са обе стране зграде.
Dole меки сладолед од ананаса доступан је на страни према Hauʻula. За помоћ се обратите конобару.","تتوفر محطات الآيس كريم على جانبي المبنى.
يتوفر آيس كريم الأناناس الطري من Dole في الجهة المطلة على Hauʻula. يُرجى طلب المساعدة من أحد موظفي الخدمة.","Le postazioni dei gelati si trovano su entrambi i lati dell'edificio.
Il gelato soft all'ananas Dole è disponibile sul lato Hauʻula. Per assistenza, chiedete pure a un cameriere.","จุดบริการไอศกรีมอยู่ทั้งสองฝั่งของอาคาร
ซอฟต์เสิร์ฟรสสับปะรด Dole อยู่ฝั่งเฮาอูลา (Hauʻula) หากต้องการความช่วยเหลือ กรุณาสอบถามพนักงานเสิร์ฟ","Аппараты с мороженым есть с обеих сторон здания.
Мягкое ананасовое мороженое Dole подаётся со стороны Hauʻula. Пожалуйста, обратитесь к официанту.","आइसक्रीम स्टेशन इमारत के दोनों ओर उपलब्ध हैं।
डोल पाइनएपल सॉफ़्ट सर्व Hauʻula वाली ओर मिलता है। कृपया सर्वर से मदद लें।","Зайрмагийн цэгүүд барилгын хоёр талд байна.
Dole-ийн хан боргоцойн зөөлөн зайрмаг Hauʻula талд байгаа. Үйлчлэгчээсээ асуугаарай."
"guide.items[plates].title","Plates & Utensils","Platos y cubiertos","Pratos e talheres","Assiettes et couverts","Teller & Besteck","Borden en bestek","Đĩa và dụng cụ ăn","餐盘与餐具","餐盤與餐具","접시와 식기류","お皿とカトラリー","Tallerkener og bestik","Тањири и прибор за јело","الأطباق وأدوات المائدة","Piatti e posate","จานและช้อนส้อม","Тарелки и столовые приборы","प्लेटें और कटलरी","Таваг, халбага сэрээ"
"guide.items[plates].text","Plates are available throughout the buffet area.
If you need a new set of utensils, please ask one of our servers and they'll be happy to provide one for you.","Hay platos disponibles en toda el área del buffet.
Si necesitan cubiertos nuevos, pídanlos a uno de nuestros meseros; con gusto se los traerá.","Há pratos disponíveis em toda a área do buffet.
Se precisarem de talheres novos, peçam a um dos nossos garçons, que terá prazer em trazê-los.","Des assiettes sont disponibles dans tout l'espace buffet.
Si vous avez besoin de nouveaux couverts, demandez-les à l'un de nos serveurs : il se fera un plaisir de vous les apporter.","Teller finden Sie im gesamten Buffetbereich.
Wenn Sie neues Besteck benötigen, fragen Sie bitte unser Servicepersonal – wir bringen es Ihnen gerne.","Borden zijn overal in het buffetgedeelte beschikbaar.
Heeft u nieuw bestek nodig? Vraag het aan een van onze medewerkers; zij brengen het u graag.","Đĩa có sẵn ở khắp khu buffet.
Nếu cần bộ dụng cụ ăn mới, quý khách vui lòng hỏi nhân viên phục vụ, chúng tôi rất sẵn lòng mang đến.","整个自助餐区均有餐盘可供取用。
如需更换新的餐具，请告诉我们的服务员，他们很乐意为您提供。","整個自助餐區都有餐盤可供取用。
如需更換新的餐具，請告訴我們的服務人員，他們很樂意為您提供。","접시는 뷔페 구역 곳곳에 준비되어 있습니다.
새 식기가 필요하시면 서버에게 말씀해 주세요. 기꺼이 가져다 드리겠습니다.","お皿はビュッフェエリアのあちこちに置いてあります。
フォークやナイフ、スプーンを新しくしたいときは、お気軽にスタッフまでどうぞ。","Der er tallerkener i hele buffetområdet.
Hvis I har brug for nyt bestik, så spørg venligst en af vores tjenere – de hjælper jer gerne.","Тањири су доступни у целом делу са шведским столом.
Ако вам је потребан нови прибор за јело, замолите неког од наших конобара – радо ће вам га донети.","تتوفر الأطباق في جميع أرجاء منطقة البوفيه.
إذا احتجتم إلى أدوات مائدة جديدة، يُرجى طلبها من أحد موظفي الخدمة، وسيسعده إحضارها لكم.","I piatti sono disponibili in tutta l'area del buffet.
Se avete bisogno di posate nuove, chiedetele a uno dei nostri camerieri: saranno lieti di portarvele.","มีจานให้บริการทั่วบริเวณบุฟเฟต์
หากต้องการช้อนส้อมชุดใหม่ กรุณาแจ้งพนักงานเสิร์ฟ เรายินดีนำมาให้ท่าน","Тарелки есть по всей зоне шведского стола.
Если вам нужен чистый набор приборов, попросите любого из наших официантов — мы с радостью его принесём.","प्लेटें पूरे बफ़े क्षेत्र में उपलब्ध हैं।
यदि आपको कटलरी का नया सेट चाहिए, तो कृपया हमारे किसी सर्वर से कहें, वे ख़ुशी से ला देंगे।","Таваг шведийн ширээний хэсэг болгонд бий.
Хэрэв халбага, сэрээ, хутга шинээр хэрэгтэй бол үйлчлэгчээсээ гуйгаарай, баяртайгаар авчирч өгнө."
"guide.items[after].title","After Your Meal","Después de comer","Depois da refeição","Après le repas","Nach dem Essen","Na de maaltijd","Sau khi ăn","用餐后","用餐後","식사 후","お食事のあと","Efter måltidet","После оброка","بعد الوجبة","Dopo il pasto","หลังรับประทานอาหาร","После еды","भोजन के बाद","Хоолоо идсэний дараа"
"guide.items[after].text","When you are finished with a plate, please place it neatly to one side of your table, and our staff will collect it for you.
If you would like to return to the buffet, please use a clean plate each time.","Cuando terminen con un plato, colóquenlo ordenadamente a un lado de la mesa y nuestro personal lo recogerá.
Si desean volver al buffet, por favor usen un plato limpio cada vez.","Quando terminarem um prato, deixem-no organizado em um canto da mesa, e nossa equipe vai recolhê-lo.
Se quiserem voltar ao buffet, por favor, usem um prato limpo a cada vez.","Lorsque vous avez terminé une assiette, merci de la poser soigneusement sur un côté de la table ; notre personnel viendra la débarrasser.
Si vous souhaitez retourner au buffet, merci de prendre une assiette propre à chaque fois.","Wenn Sie mit einem Teller fertig sind, stellen Sie ihn bitte ordentlich an den Rand Ihres Tisches; unser Personal räumt ihn ab.
Wenn Sie erneut zum Buffet gehen möchten, nehmen Sie bitte jedes Mal einen sauberen Teller.","Als u klaar bent met een bord, wilt u het dan netjes aan één kant van de tafel zetten? Ons personeel ruimt het voor u af.
Wilt u nog eens naar het buffet, neem dan alstublieft elke keer een schoon bord.","Khi dùng xong một đĩa, quý khách vui lòng đặt gọn sang một bên bàn, nhân viên sẽ đến dọn.
Nếu muốn quay lại quầy buffet, xin vui lòng dùng đĩa sạch mỗi lần.","用完的餐盘请整齐放在桌子一侧，工作人员会来为您收走。
如需再次取餐，请每次使用干净的餐盘。","用完的餐盤請整齊放在桌子一側，工作人員會來為您收走。
如需再次取餐，請每次使用乾淨的餐盤。","다 드신 접시는 테이블 한쪽에 가지런히 놓아 주시면 직원이 수거해 드립니다.
뷔페를 다시 이용하실 때는 매번 깨끗한 접시를 사용해 주세요.","食べ終わったお皿は、テーブルの端に置いておいてください。スタッフが下げにまいります。
おかわりのときは、毎回新しいお皿をお使いください。","Når I er færdige med en tallerken, så stil den venligst pænt i den ene side af bordet, så tager vores personale den.
Hvis I vil tilbage til buffeten, så brug venligst en ren tallerken hver gang.","Када завршите са тањиром, молимо вас да га уредно оставите на једну страну стола, а наше особље ће га покупити.
Ако желите да се поново послужите, молимо вас да сваки пут узмете чист тањир.","عند الانتهاء من أحد الأطباق، يُرجى وضعه بترتيب على أحد جانبي الطاولة، وسيقوم فريقنا بجمعه.
إذا رغبتم في العودة إلى البوفيه، يُرجى استخدام طبق نظيف في كل مرة.","Quando avete finito con un piatto, vi preghiamo di appoggiarlo ordinatamente su un lato del tavolo: il nostro personale passerà a ritirarlo.
Se desiderate tornare al buffet, vi preghiamo di usare ogni volta un piatto pulito.","เมื่อรับประทานเสร็จแต่ละจาน กรุณาวางจานไว้ที่ด้านใดด้านหนึ่งของโต๊ะให้เรียบร้อย พนักงานของเราจะมาเก็บให้
หากต้องการกลับไปตักอาหารเพิ่ม กรุณาใช้จานใหม่ทุกครั้ง","Закончив с тарелкой, аккуратно поставьте её сбоку на стол — наши сотрудники её заберут.
Если хотите вернуться к шведскому столу, берите каждый раз чистую тарелку.","प्लेट का काम पूरा हो जाने पर कृपया उसे अपनी मेज़ के एक किनारे सलीक़े से रख दें, हमारा स्टाफ़ उसे उठा लेगा।
यदि आप दोबारा बफ़े पर जाना चाहें, तो हर बार साफ़ प्लेट का उपयोग करें।","Идэж дууссан тавгаа ширээнийхээ нэг талд тавьчихаарай, манай ажилтан аваад явна.
Дахин хоол авахдаа шинэ цэвэр таваг хэрэглээрэй."
"guide.items[allergy].title","Food Allergies","Alergias alimentarias","Alergias alimentares","Allergies alimentaires","Lebensmittelallergien","Voedselallergieën","Dị ứng thực phẩm","食物过敏","食物過敏","식품 알레르기","食物アレルギー","Fødevareallergi","Алергије на храну","الحساسية الغذائية","Allergie alimentari","การแพ้อาหาร","Пищевая аллергия","खाद्य एलर्जी","Хоолны харшил"
"guide.items[allergy].text","If you have food allergies or dietary concerns, please {link}view our allergy guide{/link} for ingredient lists, allergen information, and available options.","Si tienen alergias alimentarias o restricciones en su dieta, por favor {link}consulten nuestra guía de alérgenos{/link}, donde encontrarán la lista de ingredientes, información sobre alérgenos y las opciones disponibles.","Se vocês têm alergias ou restrições alimentares, por favor {link}consultem nosso guia de alergias{/link}, com a lista de ingredientes, informações sobre alérgenos e as opções disponíveis.","En cas d'allergies alimentaires ou de régime particulier, {link}consultez notre guide des allergènes{/link} : liste des ingrédients, informations sur les allergènes et options disponibles.","Bei Lebensmittelallergien oder besonderen Ernährungsbedürfnissen finden Sie in unserem {link}Allergen-Leitfaden{/link} Zutatenlisten, Allergeninformationen und die verfügbaren Optionen.","Heeft u een voedselallergie of een speciaal dieet? Bekijk dan onze {link}allergenengids{/link} met ingrediëntenlijsten, allergeneninformatie en de beschikbare opties.","Nếu quý khách bị dị ứng thực phẩm hoặc có yêu cầu đặc biệt về ăn uống, vui lòng {link}xem hướng dẫn về dị ứng{/link} để biết thành phần, thông tin về chất gây dị ứng và các lựa chọn hiện có.","如果您有食物过敏或饮食方面的顾虑，请{link}查看过敏信息指南{/link}，了解配料表、过敏原信息以及可选的菜品。","如果您有食物過敏或飲食上的顧慮，請{link}查看過敏資訊指南{/link}，了解成分表、過敏原資訊以及可選擇的餐點。","식품 알레르기나 식이 관련 문의 사항이 있으시면 {link}알레르기 안내 페이지{/link}에서 재료 목록, 알레르기 정보, 이용 가능한 메뉴를 확인해 주세요.","食物アレルギーや食事制限のある方は、{link}アレルギー情報ページ{/link}で、原材料やアレルゲン、召し上がれるメニューをご確認いただけます。","Har I fødevareallergi eller særlige kosthensyn, så {link}se vores allergiguide{/link} med ingredienslister, allergenoplysninger og de muligheder, der findes.","Ако имате алергију на храну или посебне захтеве у исхрани, {link}погледајте наш водич о алергенима{/link} са списком састојака, информацијама о алергенима и доступним опцијама.","إذا كانت لديكم حساسية غذائية أو احتياجات غذائية خاصة، يُرجى {link}الاطلاع على دليل الحساسية{/link} لمعرفة المكونات ومعلومات مسببات الحساسية والخيارات المتاحة.","In caso di allergie o esigenze alimentari particolari, {link}consultate la nostra guida agli allergeni{/link}: troverete l'elenco degli ingredienti, le informazioni sugli allergeni e le opzioni disponibili.","หากท่านมีอาการแพ้อาหารหรือมีข้อจำกัดด้านอาหาร กรุณา{link}ดูคู่มือข้อมูลสารก่อภูมิแพ้{/link} เพื่อดูรายการส่วนผสม ข้อมูลสารก่อภูมิแพ้ และตัวเลือกที่มีให้บริการ","При пищевой аллергии или особых диетических потребностях, пожалуйста, {link}посмотрите наше руководство по аллергенам{/link}: там указаны составы блюд, аллергены и подходящие варианты.","यदि आपको खाने से एलर्जी है या कोई आहार संबंधी ज़रूरत है, तो सामग्री सूची, एलर्जी की जानकारी और उपलब्ध विकल्पों के लिए कृपया {link}हमारी एलर्जी गाइड देखें{/link}।","Хоолны харшил эсвэл хоолны онцгой хэрэгцээтэй бол найрлага, харшил үүсгэгч бүрэлдэхүүн, идэж болох хоолны мэдээллийг {link}харшлын мэдээллийн хуудаснаас{/link} харна уу."
"guide.items[restroom].title","Restrooms","Baños","Banheiros","Toilettes","Toiletten","Toiletten","Nhà vệ sinh","洗手间","洗手間","화장실","お手洗い","Toiletter","Тоалети","دورات المياه","Servizi igienici","ห้องน้ำ","Туалеты","शौचालय","Ариун цэврийн өрөө"
"guide.items[restroom].text","Restrooms are located on the opposite side of the building. The women's restroom is on the left, and the men's restroom is on the right.
If you need to step outside temporarily, please get a hand stamp before leaving so you can return.","Los baños se encuentran al otro lado del edificio. El de mujeres está a la izquierda y el de hombres a la derecha.
Si necesitan salir un momento, pidan un sello en la mano antes de hacerlo para poder volver a entrar.","Os banheiros ficam do outro lado do prédio. O feminino fica à esquerda e o masculino, à direita.
Se precisarem sair por um momento, peçam um carimbo na mão antes, para poder entrar novamente.","Les toilettes se trouvent de l'autre côté du bâtiment. Les toilettes pour femmes sont à gauche et celles pour hommes à droite.
Si vous devez sortir un instant, demandez un tampon sur la main avant de partir afin de pouvoir revenir.","Die Toiletten befinden sich auf der gegenüberliegenden Seite des Gebäudes. Die Damentoilette ist links, die Herrentoilette rechts.
Wenn Sie kurz hinausgehen möchten, lassen Sie sich bitte vorher einen Handstempel geben, damit Sie wieder eingelassen werden können.","De toiletten bevinden zich aan de andere kant van het gebouw. Het damestoilet is links, het herentoilet rechts.
Moet u even naar buiten, laat dan voor vertrek een stempel op uw hand zetten, zodat u weer naar binnen kunt.","Nhà vệ sinh nằm ở phía bên kia tòa nhà. Nhà vệ sinh nữ ở bên trái, nhà vệ sinh nam ở bên phải.
Nếu quý khách cần ra ngoài một lát, vui lòng đóng dấu tay trước khi ra để có thể vào lại.","洗手间位于建筑的另一侧，女洗手间在左边，男洗手间在右边。
如需暂时外出，请在离开前于手上盖章，以便重新入场。","洗手間位於建築的另一側，女洗手間在左邊，男洗手間在右邊。
如需暫時外出，請在離開前於手上蓋章，以便重新入場。","화장실은 건물 반대편에 있습니다. 여성 화장실은 왼쪽, 남성 화장실은 오른쪽에 있습니다.
잠시 밖으로 나가실 경우, 다시 입장하실 수 있도록 나가시기 전에 손등에 스탬프를 받아 주세요.","お手洗いは建物の反対側にあります。女性用は左、男性用は右です。
いったん外に出る場合は、戻ってくるときのために、出る前に手にスタンプを押してもらってください。","Toiletterne ligger i den modsatte side af bygningen. Dametoilettet er til venstre, og herretoilettet er til højre.
Hvis I skal udenfor et øjeblik, så få venligst et stempel på hånden, inden I går, så I kan komme ind igen.","Тоалети се налазе на супротној страни зграде. Женски тоалет је лево, а мушки десно.
Ако треба накратко да изађете, молимо вас да пре изласка добијете печат на руци како бисте могли поново да уђете.","تقع دورات المياه في الجهة المقابلة من المبنى. دورة مياه السيدات على اليسار، ودورة مياه الرجال على اليمين.
إذا احتجتم إلى الخروج مؤقتاً، يُرجى الحصول على ختم على اليد قبل المغادرة حتى تتمكنوا من الدخول مجدداً.","I servizi igienici si trovano sul lato opposto dell'edificio. Il bagno delle donne è a sinistra, quello degli uomini a destra.
Se dovete uscire temporaneamente, vi preghiamo di farvi apporre un timbro sulla mano prima di uscire, così potrete rientrare.","ห้องน้ำอยู่อีกฝั่งหนึ่งของอาคาร ห้องน้ำหญิงอยู่ทางซ้าย และห้องน้ำชายอยู่ทางขวา
หากท่านต้องการออกไปด้านนอกชั่วคราว กรุณาประทับตราที่มือก่อนออก เพื่อให้สามารถกลับเข้ามาได้","Туалеты находятся на противоположной стороне здания. Женский — слева, мужской — справа.
Если вам нужно ненадолго выйти на улицу, перед выходом получите штамп на руку, чтобы вернуться.","शौचालय इमारत के दूसरी ओर हैं। महिलाओं का शौचालय बाईं ओर और पुरुषों का दाईं ओर है।
यदि आपको कुछ देर के लिए बाहर जाना हो, तो जाने से पहले हाथ पर स्टैम्प अवश्य लगवा लें ताकि आप वापस आ सकें।","Ариун цэврийн өрөө барилгын нөгөө талд байна. Эмэгтэйчүүдийнх зүүн талд, эрэгтэйчүүдийнх баруун талд.
Хэрэв түр гадуур гарах бол буцаж орохын тулд гарахын өмнө гар дээрээ тамга дарууллаарай."
"guide.items[robot].title","Serving Robot","Robot mesero","Robô garçom","Robot serveur","Servierroboter","Bedieningsrobot","Robot phục vụ","送餐机器人","送餐機器人","서빙 로봇","配膳ロボット","Serveringsrobot","Робот за послуживање","روبوت الخدمة","Robot di servizio","หุ่นยนต์เสิร์ฟอาหาร","Робот-официант","सर्विंग रोबोट","Үйлчилгээний робот"
"guide.items[robot].text","For your safety, please do not touch the serving robot or place plates or other items on it.
Our staff will collect used plates from your table.","Por su seguridad, no toquen el robot mesero ni coloquen platos u otros objetos sobre él.
Nuestro personal recogerá los platos usados de su mesa.","Para a sua segurança, por favor, não toquem no robô garçom nem coloquem pratos ou outros objetos sobre ele.
Nossa equipe recolherá os pratos usados da sua mesa.","Pour votre sécurité, merci de ne pas toucher le robot serveur et de ne pas y poser d'assiettes ni d'autres objets.
Notre personnel débarrassera les assiettes usagées à votre table.","Bitte berühren Sie zu Ihrer Sicherheit den Servierroboter nicht und stellen Sie weder Teller noch andere Gegenstände darauf.
Unser Personal räumt benutzte Teller von Ihrem Tisch ab.","Raak voor uw veiligheid de bedieningsrobot niet aan en zet er geen borden of andere voorwerpen op.
Ons personeel haalt gebruikte borden van uw tafel.","Vì sự an toàn của quý khách, vui lòng không chạm vào robot phục vụ hoặc đặt đĩa hay đồ vật khác lên robot.
Nhân viên của chúng tôi sẽ dọn đĩa đã dùng tại bàn.","为了您的安全，请勿触碰送餐机器人，也请勿在上面放置餐盘或其他物品。
工作人员会到您的餐桌收取用过的餐盘。","為了您的安全，請勿觸碰送餐機器人，也請勿在上面放置餐盤或其他物品。
工作人員會到您的餐桌收取用過的餐盤。","안전을 위해 서빙 로봇을 만지거나 로봇 위에 접시나 기타 물건을 올리지 말아 주세요.
사용하신 접시는 직원이 테이블에서 수거해 드립니다.","安全のため、配膳ロボットには触れたり、お皿などを載せたりしないでください。
使い終わったお皿は、スタッフがテーブルまで回収にうかがいます。","Af hensyn til jeres sikkerhed beder vi jer om ikke at røre ved serveringsrobotten eller stille tallerkener eller andre ting på den.
Vores personale henter brugte tallerkener ved jeres bord.","Ради ваше безбедности, молимо вас да не дирате робота за послуживање и да на њега не стављате тањире нити друге предмете.
Наше особље ће покупити искоришћене тањире са вашег стола.","حرصاً على سلامتكم، يُرجى عدم لمس روبوت الخدمة أو وضع الأطباق أو أي أغراض أخرى عليه.
سيجمع فريقنا الأطباق المستعملة من طاولتكم.","Per la vostra sicurezza, vi preghiamo di non toccare il robot di servizio e di non appoggiarvi sopra piatti o altri oggetti.
Il nostro personale ritirerà i piatti usati dal vostro tavolo.","เพื่อความปลอดภัยของท่าน กรุณาอย่าสัมผัสหุ่นยนต์เสิร์ฟอาหาร หรือวางจานหรือสิ่งของอื่นไว้บนหุ่นยนต์
พนักงานของเราจะเก็บจานที่ใช้แล้วจากโต๊ะของท่าน","В целях безопасности, пожалуйста, не прикасайтесь к роботу-официанту и не ставьте на него тарелки и другие предметы.
Наши сотрудники сами заберут использованную посуду с вашего стола.","आपकी सुरक्षा के लिए कृपया सर्विंग रोबोट को न छुएँ और न ही उस पर प्लेटें या अन्य वस्तुएँ रखें।
हमारा स्टाफ़ आपकी मेज़ से इस्तेमाल की हुई प्लेटें ख़ुद उठा लेगा।","Аюулгүй байдлын үүднээс үйлчилгээний робот руу хүрэхгүй, түүн дээр таваг болон бусад зүйл тавихгүй байгаарай.
Хэрэглэж дууссан тавгийг манай ажилтнууд ширээнээс тань аваад явна."
"guide.items[charging].title","Charging Station","Estación de carga","Estação de carregamento","Borne de recharge","Ladestation","Oplaadstation","Trạm sạc điện thoại","充电站","充電站","충전 스테이션","充電ステーション","Opladningsstation","Станица за пуњење","محطة الشحن","Stazione di ricarica","จุดชาร์จโทรศัพท์","Станция зарядки","चार्जिंग स्टेशन","Утас цэнэглэх цэг"
"guide.items[charging].text","A phone charging station with secure lockers is located near the exit door.
Please follow the instructions posted at the station to charge your device and use the lockers.","Cerca de la puerta de salida hay una estación de carga para teléfonos con casilleros seguros.
Sigan las instrucciones indicadas en la estación para cargar su dispositivo y usar los casilleros.","Há uma estação de carregamento de celulares com armários seguros perto da porta de saída.
Sigam as instruções indicadas na estação para carregar o aparelho e usar os armários.","Une borne de recharge pour téléphones avec casiers sécurisés se trouve près de la porte de sortie.
Veuillez suivre les instructions affichées sur la borne pour recharger votre appareil et utiliser les casiers.","In der Nähe des Ausgangs befindet sich eine Handy-Ladestation mit sicheren Schließfächern.
Bitte folgen Sie den Anweisungen an der Station, um Ihr Gerät aufzuladen und die Schließfächer zu nutzen.","Bij de uitgang staat een oplaadstation voor telefoons met beveiligde kluisjes.
Volg de instructies bij het station om uw toestel op te laden en de kluisjes te gebruiken.","Trạm sạc điện thoại có tủ khóa an toàn nằm gần cửa ra.
Quý khách vui lòng làm theo hướng dẫn tại trạm để sạc thiết bị và sử dụng tủ khóa.","出口门附近设有配备安全储物柜的手机充电站。
请按照充电站张贴的说明为设备充电并使用储物柜。","出口門附近設有附安全置物櫃的手機充電站。
請依照充電站張貼的說明為裝置充電並使用置物櫃。","출구 근처에 보안 사물함을 갖춘 휴대폰 충전 스테이션이 마련되어 있습니다.
스테이션에 안내된 방법에 따라 기기를 충전하고 사물함을 이용해 주세요.","出口の近くに、鍵つきロッカーのあるスマホ充電ステーションがあります。
使い方は、ステーションに貼ってある案内をご覧ください。","Ved udgangsdøren findes en opladningsstation til telefoner med sikre skabe.
Følg venligst vejledningen ved stationen for at oplade jeres enhed og bruge skabene.","Близу излазних врата налази се станица за пуњење телефона са сигурносним ормарићима.
Молимо вас да пратите упутства истакнута на станици како бисте напунили уређај и користили ормарић.","توجد محطة لشحن الهواتف مزوّدة بخزائن آمنة بالقرب من باب الخروج.
يُرجى اتباع التعليمات المعروضة في المحطة لشحن أجهزتكم واستخدام الخزائن.","Vicino alla porta d'uscita si trova una stazione di ricarica per telefoni con armadietti sicuri.
Seguite le istruzioni esposte presso la stazione per ricaricare il dispositivo e utilizzare gli armadietti.","จุดชาร์จโทรศัพท์พร้อมล็อกเกอร์นิรภัยตั้งอยู่ใกล้ประตูทางออก
กรุณาทำตามคำแนะนำที่ติดไว้ที่จุดชาร์จ เพื่อชาร์จอุปกรณ์และใช้ล็อกเกอร์","Станция зарядки телефонов с защищёнными ячейками находится у выхода.
Следуйте инструкции на станции, чтобы зарядить устройство и воспользоваться ячейками.","सुरक्षित लॉकर वाला फ़ोन चार्जिंग स्टेशन निकास द्वार के पास है।
अपना डिवाइस चार्ज करने और लॉकर इस्तेमाल करने के लिए कृपया स्टेशन पर लगे निर्देशों का पालन करें।","Гарах хаалганы ойролцоо түгжээтэй шүүгээтэй утас цэнэглэх цэг байна.
Цэнэглэх, шүүгээ ашиглах заавар тэнд байгаа."
"guide.items[coupon].title","Discount Coupons","Cupones de descuento","Cupons de desconto","Bons de réduction","Rabattgutscheine","Kortingsbonnen","Phiếu giảm giá","优惠券","優惠券","할인 쿠폰","割引クーポン","Rabatkuponer","Купони за попуст","قسائم الخصم","Buoni sconto","คูปองส่วนลด","Скидочные купоны","डिस्काउंट कूपन","Хямдралын купон"
"guide.items[coupon].text","Discount coupons for select shops in the Hukilau Marketplace may be available during your visit.
If you have not received one, please ask your server.","Es posible que durante su visita reciban cupones de descuento para tiendas seleccionadas del Hukilau Marketplace.
Si no han recibido uno, pídanlo a su mesero.","Durante a visita, vocês podem receber cupons de desconto para lojas selecionadas do Hukilau Marketplace.
Se ainda não receberam o seu, peçam ao seu garçom.","Des bons de réduction pour certaines boutiques du Hukilau Marketplace peuvent vous être proposés pendant votre visite.
Si vous n'en avez pas reçu, demandez-en un à votre serveur.","Während Ihres Besuchs erhalten Sie möglicherweise Rabattgutscheine für ausgewählte Geschäfte im Hukilau Marketplace.
Falls Sie noch keinen erhalten haben, fragen Sie bitte Ihre Bedienung.","Tijdens uw bezoek kunt u kortingsbonnen krijgen voor geselecteerde winkels in de Hukilau Marketplace.
Heeft u er nog geen gekregen? Vraag er dan gerust een aan uw ober.","Trong thời gian tham quan, quý khách có thể nhận được phiếu giảm giá cho một số cửa hàng tại Hukilau Marketplace.
Nếu chưa nhận được, quý khách vui lòng hỏi người phục vụ.","您在参观期间可能会获得 Hukilau Marketplace 部分商店的优惠券。
如果您还没有收到，请向您的服务员索取。","您在參觀期間可能會獲得 Hukilau Marketplace 部分商店的優惠券。
如果您還沒有收到，請向您的服務人員索取。","방문 중 후클라우 마켓플레이스 내 일부 매장에서 사용할 수 있는 할인 쿠폰을 받으실 수 있습니다.
아직 받지 못하셨다면 담당 서버에게 요청해 주세요.","ご滞在中、フキラウ・マーケットプレイスの一部のお店で使える割引クーポンをお渡ししていることがあります。
まだ受け取っていない方は、担当スタッフにお声がけください。","Under jeres besøg kan I få rabatkuponer til udvalgte butikker i Hukilau Marketplace.
Hvis I ikke har fået en, så spørg venligst jeres tjener.","Током посете можете добити купоне за попуст у одабраним продавницама у Hukilau Marketplace.
Ако нисте добили купон, замолите свог конобара.","قد تحصلون خلال زيارتكم على قسائم خصم لمتاجر مختارة في Hukilau Marketplace.
إذا لم تحصلوا على قسيمة، يُرجى طلبها من النادل.","Durante la visita potreste ricevere buoni sconto per alcuni negozi selezionati dell'Hukilau Marketplace.
Se non ne avete ricevuto uno, chiedetelo al vostro cameriere.","ระหว่างการเยี่ยมชม ท่านอาจได้รับคูปองส่วนลดสำหรับร้านค้าที่ร่วมรายการใน Hukilau Marketplace
หากท่านยังไม่ได้รับ กรุณาสอบถามพนักงานเสิร์ฟของท่าน","Во время вашего визита могут быть доступны скидочные купоны в избранные магазины Hukilau Marketplace.
Если вы его не получили, обратитесь к своему официанту.","आपकी यात्रा के दौरान Hukilau Marketplace की चुनिंदा दुकानों के डिस्काउंट कूपन उपलब्ध हो सकते हैं।
यदि आपको कूपन नहीं मिला है, तो कृपया अपने सर्वर से पूछें।","Айлчлалын үеэр Hukilau Marketplace-ийн зарим дэлгүүрт ашиглах хямдралын купон өгч магадгүй.
Хэрэв танд өгөөгүй бол үйлчлэгчээсээ асуугаарай."
"guide.foot","Enjoy Your Meal!","¡Buen provecho!","Bom apetite!","Bon appétit !","Guten Appetit!","Eet smakelijk!","Chúc quý khách ngon miệng!","祝您用餐愉快！","祝您用餐愉快！","맛있는 식사 되세요!","ごゆっくりどうぞ！","God appetit!","Пријатно!","بالهناء والشفاء!","Buon appetito!","ขอให้อร่อยกับมื้ออาหาร!","Приятного аппетита!","भोजन का आनंद लें!","Сайхан хооллоорой!"
"guide.footNote","We hope you enjoy your time with us at Gateway Buffet.","Esperamos que disfruten de su tiempo con nosotros en Gateway Buffet.","Esperamos que aproveitem o seu tempo conosco no Gateway Buffet.","Nous vous souhaitons un agréable moment au Gateway Buffet.","Wir wünschen Ihnen eine schöne Zeit bei uns im Gateway Buffet.","Wij wensen u een fijne tijd bij Gateway Buffet.","Chúc quý khách có khoảng thời gian thật vui vẻ tại Gateway Buffet.","希望您在 Gateway Buffet 度过美好的时光。","希望您在 Gateway Buffet 度過美好的時光。","Gateway Buffet에서 즐거운 시간 보내시길 바랍니다.","Gateway Buffetでのひとときを、どうぞお楽しみください。","Vi håber, I får en dejlig tid hos os på Gateway Buffet.","Надамо се да ћете уживати у времену проведеном са нама у Gateway Buffet.","نتمنى لكم وقتاً ممتعاً معنا في Gateway Buffet.","Vi auguriamo di trascorrere un piacevole momento con noi al Gateway Buffet.","หวังว่าท่านจะมีช่วงเวลาที่ดีกับเราที่ Gateway Buffet","Надеемся, вам понравится время, проведённое в Gateway Buffet.","हमें आशा है कि Gateway Buffet में आपका समय अच्छा बीतेगा।","Gateway Buffet-д цагаа сайхан өнгөрүүлээрэй."
"acts.head","Before the Show","Antes del espectáculo","Antes do show","Avant le spectacle","Vor der Show","Voor de show","Trước giờ biểu diễn","表演开始前可以做的事","表演開始前可以做的事","쇼 시작 전 즐길 거리","ショーの前に","Før showet","Пре представе","قبل العرض","Prima dello spettacolo","ก่อนเริ่มการแสดง","Перед шоу","शो से पहले","Шоуны өмнө"
"acts.foot","Enjoy Your Time","Disfruten de su tiempo","Aproveitem o seu tempo","Prenez votre temps","Genießen Sie Ihre Zeit","Geniet van uw tijd","Tận hưởng thời gian","尽情享受时光","盡情享受時光","즐거운 시간 보내세요","ごゆっくりどうぞ","Nyd jeres tid","Уживајте у времену","استمتعوا بوقتكم","Godetevi il vostro tempo","ขอให้เพลิดเพลินกับช่วงเวลานี้","Приятного отдыха","अपने समय का आनंद लें","Цагаа сайхан өнгөрүүлээрэй"
"acts.show.title","Night Show","Espectáculo nocturno","Show noturno","Spectacle du soir","Abendshow","Avondshow","Chương trình biểu diễn tối","夜间表演","夜間表演","나이트 쇼","ナイトショー","Aftenshow","Вечерња представа","العرض المسائي","Spettacolo serale","การแสดงภาคค่ำ","Ночное шоу","नाइट शो","Шөнийн шоу"
"acts.show.text","Attending the night show this evening? The show begins at {start} PM, with gates opening at {gates} PM.
If you already have assigned seats, please arrive in time to get comfortably settled. If you do not have an assigned seat, one of our ushers will be happy to assist you.
The theater is approximately a 5–7 minute walk from Gateway Buffet.","¿Asistirán al espectáculo nocturno esta noche? El espectáculo comienza a las {start} p. m. y las puertas abren a las {gates} p. m.
Si ya tienen asientos asignados, les recomendamos llegar con tiempo para acomodarse con calma. Si no tienen asiento asignado, uno de nuestros acomodadores con gusto les ayudará.
El teatro se encuentra aproximadamente a 5–7 minutos a pie de Gateway Buffet.","Vocês vão ao show noturno hoje? O show começa às {start} da noite, e os portões abrem às {gates}.
Se vocês já têm lugares marcados, cheguem com tempo para se acomodar com tranquilidade. Se não tiverem lugar marcado, um dos nossos funcionários do teatro terá prazer em ajudar.
O teatro fica a aproximadamente 5–7 minutos a pé do Gateway Buffet.","Vous assistez au spectacle du soir ? Il commence à {start} du soir, et les portes ouvrent à {gates}.
Si vous avez déjà des places attribuées, merci d'arriver suffisamment tôt pour vous installer confortablement. Si vous n'avez pas de place attribuée, l'un de nos placeurs se fera un plaisir de vous aider.
Le théâtre se trouve à environ 5–7 minutes à pied du Gateway Buffet.","Besuchen Sie heute die Abendshow? Die Show beginnt um {start} Uhr abends, Einlass ist ab {gates} Uhr.
Wenn Sie bereits zugewiesene Plätze haben, kommen Sie bitte rechtzeitig, damit Sie in Ruhe Platz nehmen können. Wenn Sie keinen zugewiesenen Platz haben, hilft Ihnen gerne einer unserer Platzanweiser.
Das Theater ist etwa 5–7 Gehminuten vom Gateway Buffet entfernt.","Gaat u vanavond naar de avondshow? De show begint om {start} uur 's avonds en de deuren gaan open om {gates} uur.
Heeft u al toegewezen plaatsen, kom dan op tijd zodat u rustig kunt gaan zitten. Heeft u geen toegewezen plaats, dan helpt een van onze plaatsaanwijzers u graag.
Het theater ligt op ongeveer 5–7 minuten lopen van Gateway Buffet.","Quý khách sẽ xem chương trình biểu diễn tối nay chứ? Chương trình bắt đầu lúc {start} tối, cổng mở lúc {gates} tối.
Nếu quý khách đã có chỗ ngồi được chỉ định, vui lòng đến sớm để có thời gian ổn định chỗ ngồi. Nếu chưa có chỗ ngồi được chỉ định, nhân viên hướng dẫn của chúng tôi sẽ sẵn lòng hỗ trợ.
Nhà hát cách Gateway Buffet khoảng 5–7 phút đi bộ.","今晚要去观看夜间表演吗？表演于晚上{start}开始，晚上{gates}开放入场。
如果您已有指定座位，请提前到场，以便从容入座。如果您没有指定座位，我们的引座员很乐意为您提供帮助。
剧场距离 Gateway Buffet 步行约5–7分钟。","今晚要去觀賞夜間表演嗎？表演於晚上{start}開始，晚上{gates}開放入場。
如果您已有指定座位，請提早到場，以便從容入座。如果您沒有指定座位，我們的帶位人員很樂意為您提供協助。
劇場距離 Gateway Buffet 步行約5–7分鐘。","오늘 나이트 쇼를 관람하시나요? 쇼는 저녁 {start}에 시작하며, 입장은 저녁 {gates}부터 가능합니다.
이미 지정 좌석이 있으시다면 여유 있게 자리에 앉으실 수 있도록 미리 도착해 주세요. 지정 좌석이 없으시다면 안내원이 기꺼이 도와드리겠습니다.
극장은 Gateway Buffet에서 도보로 약 5~7분 거리에 있습니다.","今夜のナイトショーをご覧になりますか？開演は午後{start}、開場は午後{gates}です。
座席指定のある方は、ゆっくり席に着けるよう、少し早めにお越しください。座席指定がない方は、案内スタッフがご案内します。
劇場までは、Gateway Buffetから歩いて5〜7分ほどです。","Skal I se aftenshowet i aften? Showet begynder kl. {start} om aftenen, og dørene åbner kl. {gates}.
Hvis I allerede har tildelte pladser, så kom venligst i god tid, så I kan finde jer godt til rette. Hvis I ikke har en tildelt plads, hjælper en af vores pladsanvisere jer gerne.
Teatret ligger cirka 5–7 minutters gang fra Gateway Buffet.","Идете ли вечерас на вечерњу представу? Представа почиње у {start} увече, а улаз се отвара у {gates}.
Ако већ имате додељена места, молимо вас да стигнете на време како бисте се удобно сместили. Ако немате додељено место, неко од наших разводника ће вам радо помоћи.
Позориште је удаљено отприлике 5–7 минута хода од Gateway Buffet.","هل ستحضرون العرض المسائي الليلة؟ يبدأ العرض الساعة {start} مساءً، وتُفتح البوابات الساعة {gates} مساءً.
إذا كانت لديكم مقاعد مخصّصة، يُرجى الحضور مبكراً لتتمكنوا من الجلوس براحة. وإذا لم يكن لديكم مقعد مخصّص، فسيسعد أحد المرشدين بمساعدتكم.
يبعد المسرح نحو 5–7 دقائق سيراً على الأقدام من Gateway Buffet.","Andate allo spettacolo serale stasera? Lo spettacolo inizia alle {start} di sera e i cancelli aprono alle {gates}.
Se avete già posti assegnati, vi preghiamo di arrivare per tempo, così da potervi sistemare con comodità. Se non avete un posto assegnato, una delle nostre maschere sarà lieta di aiutarvi.
Il teatro si trova a circa 5–7 minuti a piedi dal Gateway Buffet.","ท่านจะไปชมการแสดงภาคค่ำคืนนี้หรือไม่? การแสดงเริ่มเวลา {start} น. ช่วงค่ำ และประตูเปิดเวลา {gates} น.
หากท่านมีที่นั่งที่กำหนดไว้แล้ว กรุณามาถึงก่อนเวลาเพื่อให้มีเวลานั่งได้อย่างสบาย หากท่านยังไม่มีที่นั่งที่กำหนด เจ้าหน้าที่นำที่นั่งของเรายินดีให้ความช่วยเหลือ
โรงละครอยู่ห่างจาก Gateway Buffet โดยเดินประมาณ 5–7 นาที","Идёте сегодня на ночное шоу? Начало в {start} вечера, вход открывается в {gates} вечера.
Если у вас уже есть места, приходите заранее, чтобы спокойно устроиться. Если места нет, наш контролёр с радостью поможет.
До театра примерно 5–7 минут пешком от Gateway Buffet.","क्या आप आज शाम नाइट शो देखने जा रहे हैं? शो शाम {start} बजे शुरू होगा, और द्वार शाम {gates} बजे खुलेंगे।
यदि आपकी सीटें पहले से तय हैं, तो कृपया समय पर पहुँचें ताकि आराम से बैठ सकें। यदि आपकी सीट तय नहीं है, तो हमारे अशर ख़ुशी से आपकी मदद करेंगे।
थिएटर Gateway Buffet से पैदल लगभग 5–7 मिनट की दूरी पर है।","Өнөө орой шөнийн шоу үзэх үү? Шоу орой {start} цагт эхэлнэ, хаалга орой {gates} цагт нээгдэнэ.
Хэрэв суудал нь оноогдсон бол тайван суухын тулд бага зэрэг эртхэн ирээрэй. Суудалгүй бол манай хаалгач танд тусална.
Театр Gateway Buffet-ээс алхаад 5–7 минут."
"acts.items[0].title","Hukilau Marketplace","Hukilau Marketplace","Hukilau Marketplace","Hukilau Marketplace","Hukilau Marketplace","Hukilau Marketplace","Hukilau Marketplace","Hukilau 市集","Hukilau 市集","후클라우 마켓플레이스","フキラウ・マーケットプレイス","Hukilau Marketplace","Hukilau Marketplace","Hukilau Marketplace","Hukilau Marketplace","Hukilau Marketplace","Hukilau Marketplace","Hukilau Marketplace","Hukilau Marketplace"
"acts.items[0].subtitle","","","","","","","","","","","","","","","","","","",""
"acts.items[0].text","Take some time to explore the Hukilau Marketplace for gifts, snacks, souvenirs, and local finds before the shops close.","Tómense un tiempo para recorrer el Hukilau Marketplace y encontrar regalos, bocadillos, recuerdos y productos locales antes de que cierren las tiendas.","Aproveitem para conhecer o Hukilau Marketplace e encontrar presentes, lanches, lembrancinhas e produtos locais antes de as lojas fecharem.","Prenez le temps de découvrir le Hukilau Marketplace : cadeaux, en-cas, souvenirs et produits locaux vous y attendent avant la fermeture des boutiques.","Nehmen Sie sich Zeit, den Hukilau Marketplace mit Geschenken, Snacks, Souvenirs und lokalen Fundstücken zu erkunden, bevor die Geschäfte schließen.","Neem de tijd om de Hukilau Marketplace te verkennen voor cadeaus, snacks, souvenirs en lokale vondsten voordat de winkels sluiten.","Quý khách hãy dành chút thời gian khám phá Hukilau Marketplace với quà tặng, đồ ăn vặt, quà lưu niệm và sản phẩm địa phương trước khi các cửa hàng đóng cửa.","在商店关门前，不妨花些时间逛逛 Hukilau 市集，选购礼品、零食、纪念品和当地特色商品。","在商店打烊前，不妨花點時間逛逛 Hukilau 市集，選購禮品、零食、紀念品和在地特色商品。","상점이 문을 닫기 전에 후클라우 마켓플레이스를 둘러보며 선물, 간식, 기념품과 현지 특산품을 만나 보세요.","お店が閉まる前に、お土産やお菓子、記念品、地元ならではの品を見てまわってはいかがでしょう。","Tag jer tid til at udforske Hukilau Marketplace med gaver, snacks, souvenirs og lokale fund, inden butikkerne lukker.","Одвојите мало времена да истражите Hukilau Marketplace и пронађете поклоне, грицкалице, сувенире и локалне производе пре него што се продавнице затворе.","خصّصوا بعض الوقت لاستكشاف Hukilau Marketplace واقتناء الهدايا والوجبات الخفيفة والتذكارات والمنتجات المحلية قبل إغلاق المتاجر.","Prendetevi un po' di tempo per esplorare l'Hukilau Marketplace alla ricerca di regali, snack, souvenir e prodotti locali prima della chiusura dei negozi.","ใช้เวลาเดินชม Hukilau Marketplace เพื่อเลือกซื้อของขวัญ ขนม ของที่ระลึก และสินค้าท้องถิ่นก่อนร้านค้าปิด","Загляните в Hukilau Marketplace за подарками, закусками, сувенирами и местными находками, пока магазины не закрылись.","दुकानें बंद होने से पहले Hukilau Marketplace घूमें और उपहार, स्नैक्स, यादगार सामान और स्थानीय चीज़ें देखें।","Дэлгүүр хаагдахаас өмнө Hukilau Marketplace-аар зочилж, бэлэг, зууш, дурсгалын зүйл, нутгийн бүтээгдэхүүн үзээрэй."
"acts.items[0].chips[0]","Until 7:30 PM","Hasta las 7:30 p. m.","Até 19h30","Jusqu'à 19 h 30","Bis 19:30 Uhr","Tot 19.30 uur","Đến 7:30 tối","营业至晚上7:30","營業至晚上7:30","저녁 7시 30분까지","午後7時30分まで","Til kl. 19.30","До 19:30","حتى الساعة 7:30 مساءً","Fino alle 19:30","ถึง 19:30 น.","До 19:30","शाम 7:30 बजे तक","19:30 хүртэл"
"acts.items[1].title","Lāʻie Tram Tour","Recorrido en tranvía por Lāʻie","Passeio de bondinho por Lāʻie","Visite en tram de Lāʻie","Lāʻie Tram-Tour","Tramtour door Lāʻie","Tour xe điện Lāʻie","Lāʻie 游览电车","Lāʻie 遊覽電車","라이에 트램 투어","ライエ・トラムツアー","Tramtur i Lāʻie","Обилазак места Lāʻie трамвајем","جولة الترام في Lāʻie","Giro in tram di Lāʻie","ทัวร์รถรางเมืองลาอิเอ (Lāʻie)","Экскурсия на трамвае по Lāʻie","Lāʻie ट्राम टूर","Lāʻie трамвайн аялал"
"acts.items[1].subtitle","","","","","","","","","","","","","","","","","","",""
"acts.items[1].text","Enjoy a scenic ride through the town of Lāʻie and the BYU–Hawaii campus.
The tour also includes a 15-minute stop at the grounds of the Lāʻie Hawaiʻi Temple of The Church of Jesus Christ of Latter-day Saints.","Disfruten de un recorrido panorámico por el pueblo de Lāʻie y el campus de BYU–Hawaii.
El recorrido incluye además una parada de 15 minutos en los jardines del Templo de Lāʻie, Hawái, de La Iglesia de Jesucristo de los Santos de los Últimos Días.","Façam um passeio panorâmico pela cidade de Lāʻie e pelo campus da BYU–Hawaii.
O passeio inclui também uma parada de 15 minutos nos jardins do Templo de Lāʻie, no Havaí, da Igreja de Jesus Cristo dos Santos dos Últimos Dias.","Profitez d'une balade panoramique à travers la ville de Lāʻie et le campus de BYU–Hawaii.
La visite comprend également un arrêt de 15 minutes dans les jardins du temple de Lāʻie (Hawaï) de l'Église de Jésus-Christ des Saints des Derniers Jours.","Genießen Sie eine malerische Fahrt durch den Ort Lāʻie und über den Campus der BYU–Hawaii.
Die Tour umfasst außerdem einen 15-minütigen Halt auf dem Gelände des Lāʻie-Hawaiʻi-Tempels der Kirche Jesu Christi der Heiligen der Letzten Tage.","Geniet van een schilderachtige rit door het stadje Lāʻie en over de campus van BYU–Hawaii.
De tour omvat ook een stop van 15 minuten bij het terrein van de Lāʻie Hawaiʻi-tempel van De Kerk van Jezus Christus van de Heiligen der Laatste Dagen.","Tận hưởng chuyến đi ngắm cảnh qua thị trấn Lāʻie và khuôn viên trường BYU–Hawaii.
Chuyến tham quan còn có điểm dừng 15 phút tại khuôn viên Đền Thờ Lāʻie Hawaiʻi của Giáo Hội Các Thánh Hữu Ngày Sau của Chúa Giê Su Ky Tô.","乘车欣赏 Lāʻie 小镇和杨百翰大学夏威夷分校校园的风光。
途中还将在耶稣基督后期圣徒教会 Lāʻie 夏威夷圣殿园区停留15分钟。","搭車欣賞 Lāʻie 小鎮和楊百翰大學夏威夷分校校園的風光。
途中還會在耶穌基督後期聖徒教會 Lāʻie 夏威夷聖殿園區停留15分鐘。","라이에 마을과 BYU–하와이 캠퍼스를 둘러보는 경치 좋은 트램 투어를 즐겨 보세요.
투어 중에는 예수 그리스도 후기 성도 교회 라이에 하와이 성전 부지에서 15분간 머무릅니다.","トラムに乗って、ライエの町とBYUハワイのキャンパスをめぐる、景色のよいツアーです。
途中、末日聖徒イエス・キリスト教会のライエ・ハワイ神殿の敷地に15分ほど立ち寄ります。","Nyd en naturskøn tur gennem byen Lāʻie og BYU–Hawaii-campusset.
Turen omfatter også et stop på 15 minutter ved området omkring Lāʻie Hawaiʻi-templet, som tilhører Jesu Kristi Kirke af Sidste Dages Hellige.","Уживајте у живописној вожњи кроз градић Lāʻie и кампус BYU–Hawaii.
Обилазак укључује и паузу од 15 минута у дворишту храма Lāʻie Hawaiʻi Цркве Исуса Христа светаца последњих дана.","استمتعوا بجولة ذات مناظر خلابة عبر بلدة Lāʻie وحرم جامعة BYU–Hawaii.
وتتضمن الجولة أيضاً توقفاً لمدة 15 دقيقة في حدائق معبد Lāʻie في هاواي التابع لكنيسة يسوع المسيح لقديسي الأيام الأخيرة.","Godetevi un giro panoramico attraverso la cittadina di Lāʻie e il campus della BYU–Hawaii.
Il tour include anche una sosta di 15 minuti nei giardini del Tempio di Lāʻie, Hawaiʻi, della Chiesa di Gesù Cristo dei Santi degli Ultimi Giorni.","เพลิดเพลินกับการนั่งรถรางชมทิวทัศน์ผ่านเมืองลาอิเอ (Lāʻie) และวิทยาเขต BYU–Hawaii
ทัวร์นี้ยังแวะชมบริเวณพระวิหารลาอิเอ ฮาวาย ของศาสนจักรของพระเยซูคริสต์แห่งวิสุทธิชนยุคสุดท้ายเป็นเวลา 15 นาที","Насладитесь живописной поездкой по городку Lāʻie и кампусу BYU–Hawaii.
В программу входит 15-минутная остановка на территории храма Lāʻie Hawaiʻi Церкви Иисуса Христа Святых последних дней.","Lāʻie शहर और BYU–Hawaii परिसर की सुंदर सैर का आनंद लें।
इस टूर में The Church of Jesus Christ of Latter-day Saints के Lāʻie Hawaiʻi Temple परिसर में 15 मिनट का ठहराव भी शामिल है।","Трамвайгаар Lāʻie хот болон BYU–Hawaii-н кампусаар үзэсгэлэнтэй аялаарай.
Аялалын үеэр Хожмын Үеийн Гэгээнтнүүдийн Есүс Христийн Сүмийн Lāʻie Hawaiʻi сүмийн хашаанд 15 минут зогсоно."
"acts.items[1].chips[0]","Every 20 minutes","Cada 20 minutos","A cada 20 minutos","Toutes les 20 minutes","Alle 20 Minuten","Elke 20 minuten","Mỗi 20 phút","每20分钟一班","每20分鐘一班","20분 간격","20分ごと","Hvert 20. minut","Сваких 20 минута","كل 20 دقيقة","Ogni 20 minuti","ทุก 20 นาที","Каждые 20 минут","हर 20 मिनट पर","20 минут тутамд"
"acts.items[1].chips[1]","3:00–6:30 PM","3:00–6:30 p. m.","15h–18h30","15 h – 18 h 30","15:00–18:30 Uhr","15.00–18.30 uur","3:00–6:30 chiều","下午3:00–6:30","下午3:00–6:30","오후 3:00–6:30","午後3:00〜6:30","15.00–18.30","15:00–18:30","3:00–6:30 مساءً","15:00–18:30","15:00–18:30 น.","15:00–18:30","दोपहर 3:00 – शाम 6:30","15:00–18:30"
"acts.items[1].chips[2]","Approx. 35-minute ride","Recorrido de aprox. 35 minutos","Passeio de aprox. 35 minutos","Trajet d'environ 35 minutes","Fahrt ca. 35 Minuten","Rit van ca. 35 minuten","Khoảng 35 phút","全程约35分钟","全程約35分鐘","약 35분 소요","乗車時間は約35分","Turen varer ca. 35 minutter","Вожња траје око 35 минута","مدة الجولة نحو 35 دقيقة","Durata circa 35 minuti","ใช้เวลาประมาณ 35 นาที","Поездка около 35 минут","लगभग 35 मिनट की सवारी","Ойролцоогоор 35 минут"
"acts.items[2].title","Hawaiian Journey Theater","Hawaiian Journey Theater","Hawaiian Journey Theater","Hawaiian Journey Theater","Hawaiian Journey Theater","Hawaiian Journey Theater","Hawaiian Journey Theater","Hawaiian Journey 剧院","Hawaiian Journey 劇院","하와이안 저니 극장","ハワイアン・ジャーニー・シアター","Hawaiian Journey Theater","Hawaiian Journey Theater","Hawaiian Journey Theater","Hawaiian Journey Theater","Hawaiian Journey Theater","Hawaiian Journey Theater","Hawaiian Journey Theater","Hawaiian Journey Theater"
"acts.items[2].subtitle","Jeri's Fire Knife Show","Espectáculo de cuchillo de fuego de Jeri","Show de faca de fogo do Jeri","Le spectacle de couteau de feu de Jeri","Jeris Feuermesser-Show","Jeri's vuurmesshow","Màn trình diễn dao lửa của Jeri","Jeri 的火刀表演","Jeri 的火刀表演","제리의 파이어 나이프 쇼","ジェリのファイヤーナイフショー","Jeris ildknivshow","Џеријева представа са ватреним ножем","عرض السكين النارية مع جيري","Lo spettacolo del coltello di fuoco di Jeri","การแสดงมีดไฟของเจอร์รี","Шоу огненного ножа с Джери","जेरी का फ़ायर नाइफ़ शो","Жэригийн галт хутгын шоу"
"acts.items[2].text","Discover the story and tradition of fire knife dancing through Jeri, a longtime fire knife competitor who began performing at a young age.","Descubran la historia y la tradición de la danza del cuchillo de fuego de la mano de Jeri, competidor con muchos años de trayectoria que comenzó a presentarse desde muy joven.","Descubram a história e a tradição da dança da faca de fogo com Jeri, competidor de longa data que começou a se apresentar ainda bem jovem.","Découvrez l'histoire et la tradition de la danse du couteau de feu avec Jeri, compétiteur de longue date qui a commencé à se produire dès son plus jeune âge.","Entdecken Sie die Geschichte und Tradition des Feuermessertanzes mit Jeri, einem langjährigen Feuermesser-Wettkämpfer, der schon in jungen Jahren auftrat.","Ontdek het verhaal en de traditie van de vuurmesdans via Jeri, een ervaren vuurmesdanser die al op jonge leeftijd begon met optreden.","Khám phá câu chuyện và truyền thống múa dao lửa qua Jeri, một vận động viên dao lửa kỳ cựu đã bắt đầu biểu diễn từ khi còn nhỏ.","跟随资深火刀舞参赛者 Jeri，了解火刀舞的故事与传统。他从小就开始登台表演。","跟隨資深火刀舞參賽者 Jeri，認識火刀舞的故事與傳統。他從小就開始登台表演。","어린 시절부터 무대에 서 온 베테랑 파이어 나이프 선수 제리와 함께 파이어 나이프 댄스의 이야기와 전통을 만나 보세요.","小さい頃から舞台に立ち、長年ファイヤーナイフの競技に出てきたジェリが、ファイヤーナイフダンスの物語と伝統を紹介します。","Oplev historien og traditionen bag ildknivsdans gennem Jeri, en erfaren ildknivskonkurrent, der begyndte at optræde som ung.","Откријте причу и традицију плеса са ватреним ножем кроз Џерија, дугогодишњег такмичара који је почео да наступа још као дечак.","اكتشفوا قصة رقصة السكين النارية وتقاليدها مع جيري، المتسابق المخضرم في السكين النارية الذي بدأ تقديم العروض منذ صغره.","Scoprite la storia e la tradizione della danza del coltello di fuoco attraverso Jeri, concorrente di lunga esperienza che ha iniziato a esibirsi fin da giovanissimo.","สัมผัสเรื่องราวและประเพณีของการเต้นมีดไฟผ่านเจอร์รี นักแข่งขันมีดไฟผู้มากประสบการณ์ที่เริ่มแสดงตั้งแต่ยังเด็ก","Узнайте историю и традиции танца с огненным ножом вместе с Джери — многолетним участником соревнований, начавшим выступать с юных лет.","जेरी के साथ फ़ायर नाइफ़ नृत्य की कहानी और परंपरा जानें। वे लंबे समय से फ़ायर नाइफ़ प्रतियोगी रहे हैं और कम उम्र से प्रदर्शन करते आ रहे हैं।","Багаасаа тайзан дээр гарч, олон жил галт хутгын тэмцээнд оролцсон Жэри галт хутгын бүжгийн түүх, уламжлалыг танилцуулна."
"acts.items[2].chips[0]","Every 30 minutes","Cada 30 minutos","A cada 30 minutos","Toutes les 30 minutes","Alle 30 Minuten","Elke 30 minuten","Mỗi 30 phút","每30分钟一场","每30分鐘一場","30분 간격","30分ごと","Hvert 30. minut","Сваких 30 минута","كل 30 دقيقة","Ogni 30 minuti","ทุก 30 นาที","Каждые 30 минут","हर 30 मिनट पर","30 минут тутамд"
"acts.items[2].chips[1]","1:30–6:30 PM","1:30–6:30 p. m.","13h30–18h30","13 h 30 – 18 h 30","13:30–18:30 Uhr","13.30–18.30 uur","1:30–6:30 chiều","下午1:30–6:30","下午1:30–6:30","오후 1:30–6:30","午後1:30〜6:30","13.30–18.30","13:30–18:30","1:30–6:30 مساءً","13:30–18:30","13:30–18:30 น.","13:30–18:30","दोपहर 1:30 – शाम 6:30","13:30–18:30"
"acts.items[2].chips[2]","Last show at 6:30 PM","Última función a las 6:30 p. m.","Última sessão às 18h30","Dernière séance à 18 h 30","Letzte Show um 18:30 Uhr","Laatste show om 18.30 uur","Suất cuối lúc 6:30 tối","末场：晚上6:30","末場：晚上6:30","마지막 공연 오후 6:30","最終回は午後6:30","Sidste show kl. 18.30","Последња представа у 18:30","آخر عرض الساعة 6:30 مساءً","Ultimo spettacolo alle 18:30","รอบสุดท้ายเวลา 18:30 น.","Последнее шоу в 18:30","आख़िरी शो शाम 6:30 बजे","Сүүлийн шоу 18:30-д"
"acts.items[3].title","Polynesian Football Hall of Fame","Salón de la Fama del Fútbol Americano Polinesio","Polynesian Football Hall of Fame","Polynesian Football Hall of Fame","Polynesian Football Hall of Fame","Polynesian Football Hall of Fame","Đại sảnh Danh vọng Bóng bầu dục Polynesia","波利尼西亚美式橄榄球名人堂","玻里尼西亞美式足球名人堂","폴리네시안 풋볼 명예의 전당","ポリネシアン・フットボール殿堂","Polynesian Football Hall of Fame","Polynesian Football Hall of Fame","Polynesian Football Hall of Fame","Polynesian Football Hall of Fame","Polynesian Football Hall of Fame","Polynesian Football Hall of Fame","Polynesian Football Hall of Fame","Polynesian Football Hall of Fame"
"acts.items[3].subtitle","","","","","","","","","","","","","","","","","","",""
"acts.items[3].text","Explore a gallery honoring Polynesian football legends, with plaques, photographs, memorabilia, interactive displays, and the Wall of Honor.
It is located directly across from Gateway Buffet inside the Polynesian Cultural Center's Welcome Center.","Recorran una galería que rinde homenaje a las leyendas polinesias del fútbol americano, con placas, fotografías, recuerdos, pantallas interactivas y el Muro de Honor.
Se encuentra justo enfrente de Gateway Buffet, dentro del Welcome Center del Polynesian Cultural Center.","Conheçam uma galeria que homenageia lendas polinésias do futebol americano, com placas, fotografias, recordações, telas interativas e o Mural de Honra.
Fica bem em frente ao Gateway Buffet, dentro do Welcome Center do Polynesian Cultural Center.","Découvrez une galerie qui rend hommage aux légendes polynésiennes du football américain : plaques, photographies, souvenirs, écrans interactifs et mur d'honneur.
Elle se trouve juste en face du Gateway Buffet, dans le Welcome Center du Polynesian Cultural Center.","Entdecken Sie eine Galerie zu Ehren polynesischer Football-Legenden mit Plaketten, Fotografien, Erinnerungsstücken, interaktiven Stationen und der Ehrenwand.
Sie befindet sich direkt gegenüber dem Gateway Buffet im Welcome Center des Polynesian Cultural Center.","Bekijk een galerie ter ere van Polynesische footballlegendes, met plaquettes, foto's, aandenkens, interactieve schermen en de erewand.
De galerie ligt recht tegenover Gateway Buffet, in het Welcome Center van het Polynesian Cultural Center.","Tham quan phòng trưng bày tôn vinh các huyền thoại bóng bầu dục Mỹ gốc Polynesia với bảng vinh danh, ảnh, kỷ vật, màn hình tương tác và Bức tường Danh dự.
Phòng nằm ngay đối diện Gateway Buffet, bên trong Trung tâm Chào đón (Welcome Center) của Polynesian Cultural Center.","参观致敬波利尼西亚美式橄榄球传奇人物的展馆，馆内有纪念牌匾、照片、纪念品、互动展示和荣誉墙。
展馆就在 Gateway Buffet 对面的 Polynesian Cultural Center 游客中心内。","參觀向玻里尼西亞美式足球傳奇人物致敬的展館，館內有紀念牌匾、照片、紀念品、互動展示和榮譽牆。
展館就在 Gateway Buffet 對面的 Polynesian Cultural Center 遊客中心內。","폴리네시아 출신 미식축구 전설들을 기리는 갤러리입니다. 명판, 사진, 기념품, 인터랙티브 전시, 명예의 벽이 있습니다.
Gateway Buffet 바로 맞은편, Polynesian Cultural Center 웰컴 센터 안에 있습니다.","ポリネシア出身のアメリカンフットボールの名選手たちをたたえるギャラリーです。記念プレートや写真、記念品、体験型の展示、栄誉の壁があります。
Gateway Buffetのすぐ向かい、Polynesian Cultural Centerのウェルカムセンター内にあります。","Besøg et galleri til ære for polynesiske legender inden for amerikansk fodbold med mindeplader, fotografier, erindringsgenstande, interaktive skærme og Æresvæggen.
Det ligger lige over for Gateway Buffet i Polynesian Cultural Centers Welcome Center.","Обиђите галерију у част полинежанских легенди америчког фудбала, са плакетама, фотографијама, успоменама, интерактивним екранима и Зидом части.
Налази се тачно преко пута Gateway Buffet, у Welcome Center-у Polynesian Cultural Center-а.","تجوّلوا في معرض يكرّم أساطير كرة القدم الأمريكية من بولينيزيا، ويضم لوحات تذكارية وصوراً ومقتنيات وشاشات تفاعلية وجدار الشرف.
يقع مباشرةً مقابل Gateway Buffet داخل مركز الترحيب في Polynesian Cultural Center.","Visitate una galleria dedicata alle leggende polinesiane del football americano, con targhe, fotografie, cimeli, schermi interattivi e il Muro d'Onore.
Si trova proprio di fronte al Gateway Buffet, all'interno del Welcome Center del Polynesian Cultural Center.","ชมแกลเลอรีที่เชิดชูตำนานอเมริกันฟุตบอลชาวโพลินีเซีย พร้อมแผ่นจารึก ภาพถ่าย ของที่ระลึก จอแสดงผลแบบอินเทอร์แอคทีฟ และกำแพงเกียรติยศ
ตั้งอยู่ตรงข้าม Gateway Buffet ภายใน Welcome Center ของ Polynesian Cultural Center","Осмотрите галерею, посвящённую легендам американского футбола из Полинезии: мемориальные доски, фотографии, памятные вещи, интерактивные экспозиции и Стену почёта.
Она находится прямо напротив Gateway Buffet, в Welcome Center Polynesian Cultural Center.","पॉलिनेशियाई अमेरिकन फ़ुटबॉल दिग्गजों को समर्पित गैलरी देखें, जिसमें पट्टिकाएँ, तस्वीरें, यादगार वस्तुएँ, इंटरैक्टिव डिस्प्ले और Wall of Honor शामिल हैं।
यह Gateway Buffet के ठीक सामने, Polynesian Cultural Center के Welcome Center के अंदर है।","Полинезийн америк хөлбөмбөгийн домогт тоглогчдыг хүндэлсэн галерей. Дурсгалын самбар, зураг, дурсгалын зүйл, интерактив үзмэр, Хүндэтгэлийн хана бий.
Энэ нь Gateway Buffet-ийн яг эсрэг талд, Polynesian Cultural Center-ийн Welcome Center дотор байрлана."
"acts.items[3].chips[0]","Until 7:00 PM","Hasta las 7:00 p. m.","Até 19h","Jusqu'à 19 h","Bis 19:00 Uhr","Tot 19.00 uur","Đến 7:00 tối","开放至晚上7:00","開放至晚上7:00","저녁 7시까지","午後7時まで","Til kl. 19.00","До 19:00","حتى الساعة 7:00 مساءً","Fino alle 19:00","ถึง 19:00 น.","До 19:00","शाम 7:00 बजे तक","19:00 хүртэл"
"acts.footNote","No rush — enjoy your dessert first!","Sin prisa: ¡disfruten primero su postre!","Sem pressa: aproveitem a sobremesa primeiro!","Rien ne presse : savourez d'abord votre dessert !","Keine Eile – genießen Sie zuerst Ihr Dessert!","Geen haast – geniet eerst van uw dessert!","Không cần vội – quý khách cứ thưởng thức món tráng miệng trước nhé!","不用着急，先享用甜点吧！","不用急，先享用甜點吧！","서두르지 마시고 디저트 먼저 즐기세요!","お急ぎでなければ、まずはデザートをどうぞ！","Ingen hast – nyd først jeres dessert!","Без журбе – прво уживајте у десерту!","لا داعي للعجلة، استمتعوا بالحلوى أولاً!","Nessuna fretta: gustatevi prima il dessert!","ไม่ต้องรีบ เชิญเพลิดเพลินกับของหวานก่อน!","Не спешите — сначала насладитесь десертом!","कोई जल्दी नहीं — पहले अपनी मिठाई का आनंद लें!","Яарах хэрэггүй, эхлээд амттанаа идээрэй!"
"close.mention","If {name} helped make your visit special, you're welcome to mention {name} when sharing your experience.","Si {name} hizo especial su visita, pueden mencionar a {name} al compartir su experiencia.","Se {name} tornou a visita de vocês especial, fiquem à vontade para mencionar {name} ao compartilhar sua experiência.","Si {name} a rendu votre visite spéciale, vous pouvez mentionner {name} en partageant votre expérience.","Falls {name} Ihren Besuch zu etwas Besonderem gemacht hat, dürfen Sie {name} gern erwähnen, wenn Sie Ihre Erfahrung teilen.","Als {name} uw bezoek bijzonder heeft gemaakt, mag u {name} gerust noemen wanneer u uw ervaring deelt.","Nếu quý khách hài lòng với sự phục vụ của {name}, xin nhắc tên {name} khi chia sẻ trải nghiệm nhé.","如果 {name} 的服务让您满意，欢迎在评价时提到 {name} 的名字。","如果 {name} 的服務讓您滿意，歡迎在留下評論時提到 {name} 的名字。","{name}님의 서비스가 만족스러우셨다면, 후기에 {name}님 이름을 남겨 주세요. 큰 힘이 됩니다.","{name}の接客を気に入っていただけたら、口コミを書くときに{name}の名前を入れてもらえると、とても励みになります。","Hvis {name} gjorde jeres besøg ekstra specielt, er I velkomne til at nævne {name}, når I deler jeres oplevelse.","Ако вам је посета била посебна захваљујући особи {name}, слободно поменујте {name} када будете делили своје искуство.","إذا ساهم {name} في جعل زيارتكم مميزة، يمكنكم ذكر {name} عند مشاركة تجربتكم.","Se {name} ha reso speciale la vostra visita, potete menzionare {name} quando condividete la vostra esperienza.","ถ้าคุณพอใจกับบริการของคุณ {name} เอ่ยชื่อคุณ {name} ตอนเขียนรีวิวได้เลย เป็นกำลังใจให้ทีมงานมาก","Если вам понравилось обслуживание {name}, будем рады, если вы упомяните {name} в отзыве.","यदि {name} ने आपकी यात्रा को ख़ास बनाया हो, तो अपना अनुभव साझा करते समय आप {name} का नाम ले सकते हैं।","Өнөөдөр танд үйлчилсэн {name} таалагдсан бол сэтгэгдэл бичихдээ нэрийг нь дурдаарай, бидэнд маш их урам болно."
"close.ready","Before You Go is now open.","Antes de irse ya está disponible.","Antes de ir já está disponível.","Avant de partir est maintenant disponible.","Zum Abschied ist jetzt verfügbar.","Tot ziens is nu beschikbaar.","Mục Trước khi về đã mở.","“离开之前”现已开放。","「離開之前」現已開放。","“떠나시기 전에”가 열렸습니다.","「お帰りの前に」が開きました。","Inden I går er nu tilgængeligt.","„Пре одласка“ је сада доступно.","قسم «قبل المغادرة» متاح الآن.","Prima di andare è ora disponibile.","ส่วน “ก่อนกลับ” เปิดให้ดูแล้ว","Раздел «Перед уходом» теперь открыт.","“जाने से पहले” अब खुल गया है।","«Явахын өмнө» хэсэг нээгдлээ."
"close.locked.text","This section will become available a little later in your visit.
Please enjoy your meal and check back in about 25–30 minutes.","Esta sección estará disponible un poco más tarde durante su visita.
Disfruten de su comida y vuelvan a pasar en unos 25–30 minutos.","Esta seção ficará disponível um pouco mais tarde durante a visita de vocês.
Aproveitem a refeição e voltem em cerca de 25–30 minutos.","Cette section sera disponible un peu plus tard pendant votre visite.
Profitez de votre repas et revenez dans environ 25 à 30 minutes.","Dieser Bereich ist erst etwas später während Ihres Besuchs verfügbar.
Genießen Sie Ihr Essen und schauen Sie in etwa 25–30 Minuten wieder vorbei.","Dit onderdeel wordt iets later tijdens uw bezoek beschikbaar.
Geniet van uw maaltijd en kijk over ongeveer 25–30 minuten nog eens terug.","Phần này sẽ mở sau một lúc nữa trong buổi tham quan của quý khách.
Xin cứ thong thả dùng bữa và quay lại sau khoảng 25–30 phút.","此部分将在您用餐稍晚些时候开放。
请先享用美食，约 25–30 分钟后再回来看看。","此部分將在您用餐稍晚些時候開放。
請先享用美食，約 25–30 分鐘後再回來看看。","이 섹션은 방문 중 조금 뒤에 열립니다.
식사를 즐기시고 25~30분쯤 지나 다시 확인해 주세요.","このページは、ご来店からしばらくしてから開きます。
お食事を楽しんだあと、25〜30分ほどしてからもう一度のぞいてみてください。","Dette afsnit bliver tilgængeligt lidt senere under jeres besøg.
Nyd jeres måltid, og kig forbi igen om cirka 25–30 minutter.","Овај одељак ће бити доступан нешто касније током ваше посете.
Уживајте у оброку и навратите се за отприлике 25–30 минута.","سيتوفر هذا القسم بعد قليل خلال زيارتكم.
استمتعوا بوجبتكم وعاودوا الاطلاع بعد نحو 25–30 دقيقة.","Questa sezione sarà disponibile un po' più tardi durante la vostra visita.
Goditevi il pasto e ripassate tra circa 25–30 minuti.","ส่วนนี้จะเปิดให้ดูในอีกสักครู่ระหว่างที่คุณอยู่กับเรา
เชิญเพลิดเพลินกับมื้ออาหาร แล้วกลับมาดูอีกครั้งในอีกประมาณ 25–30 นาที","Этот раздел откроется чуть позже во время вашего визита.
Приятного аппетита! Загляните сюда примерно через 25–30 минут.","यह भाग आपकी यात्रा के थोड़ी देर बाद उपलब्ध होगा।
कृपया अपने भोजन का आनंद लें और लगभग 25–30 मिनट बाद दोबारा देखें।","Энэ хэсэг арай дараа нээгдэнэ.
Эхлээд хоолоо сайхан идээд, 25–30 минутын дараа дахин орж үзээрэй."
"close.locked.note","No rush — enjoy your time with us!","Sin prisa: ¡disfruten su tiempo con nosotros!","Sem pressa — aproveitem o tempo conosco!","Pas de précipitation — profitez de votre moment avec nous !","Keine Eile — genießen Sie die Zeit bei uns!","Geen haast — geniet van uw tijd bij ons!","Không cần vội — chúc quý khách có khoảng thời gian thật vui bên chúng tôi!","不着急，请尽情享受与我们共度的时光！","不著急，請盡情享受與我們共度的時光！","서두르지 마시고, 저희와 함께하는 시간을 즐겨 주세요!","お急ぎでなければ、ごゆっくりどうぞ！","Ingen hast — nyd tiden hos os!","Без журбе — уживајте у времену са нама!","لا داعي للعجلة — استمتعوا بوقتكم معنا!","Nessuna fretta — godetevi il tempo con noi!","ไม่ต้องรีบ — ขอให้มีความสุขกับเวลาของคุณที่นี่!","Не спешите — наслаждайтесь временем у нас!","कोई जल्दी नहीं — हमारे साथ अपना समय बिताइए!","Яарах хэрэггүй, цагаа сайхан өнгөрүүлээрэй!"
"close.locked.soon","Available in about {m} min","Disponible en unos {m} min","Disponível em cerca de {m} min","Disponible dans environ {m} min","Verfügbar in etwa {m} Min.","Beschikbaar over ongeveer {m} min","Mở sau khoảng {m} phút","约 {m} 分钟后开放","約 {m} 分鐘後開放","약 {m}분 후에 열립니다","あと約{m}分で開きます","Tilgængeligt om cirka {m} min.","Доступно за отприлике {m} мин","يتوفر بعد نحو {m} دقيقة","Disponibile tra circa {m} min","เปิดในอีกประมาณ {m} นาที","Откроется примерно через {m} мин","लगभग {m} मिनट में उपलब्ध","Ойролцоогоор {m} минутын дараа нээгдэнэ"
"close.thanks.title","Mahalo, ʻOhana!","¡Mahalo, ʻOhana!","Mahalo, ʻOhana!","Mahalo, ʻOhana !","Mahalo, ʻOhana!","Mahalo, ʻOhana!","Mahalo, ʻOhana!","Mahalo，ʻOhana！","Mahalo，ʻOhana！","Mahalo, ʻOhana!","Mahalo、ʻOhana！","Mahalo, ʻOhana!","Mahalo, ʻOhana!","Mahalo, ʻOhana!","Mahalo, ʻOhana!","Mahalo, ʻOhana!","Махало, ʻOhana!","महालो, ʻOhana!","Махало, ʻOhana!"
"close.thanks.text","Thank you for joining us at Gateway Buffet tonight. It has been a pleasure serving you, and we hope you enjoyed your time with us.
Please feel free to relax and enjoy the rest of your evening.","Gracias por acompañarnos esta noche en Gateway Buffet. Ha sido un placer atenderlos y esperamos que lo hayan disfrutado.
Relájense y disfruten del resto de la noche.","Obrigado por estarem conosco no Gateway Buffet esta noite. Foi um prazer atendê-los, e esperamos que tenham aproveitado o tempo conosco.
Fiquem à vontade para relaxar e aproveitar o restante da noite.","Merci d'avoir été parmi nous au Gateway Buffet ce soir. Ce fut un plaisir de vous servir, et nous espérons que vous avez passé un agréable moment.
N'hésitez pas à vous détendre et à profiter du reste de votre soirée.","Vielen Dank, dass Sie heute Abend im Gateway Buffet zu Gast waren. Es war uns eine Freude, Sie zu bedienen, und wir hoffen, Sie haben die Zeit bei uns genossen.
Lehnen Sie sich gerne zurück und genießen Sie den restlichen Abend.","Hartelijk dank dat u vanavond bij Gateway Buffet te gast was. Het was ons een genoegen u te bedienen, en we hopen dat u van uw tijd bij ons heeft genoten.
Neemt u gerust de tijd om te ontspannen en te genieten van de rest van uw avond.","Cảm ơn quý khách đã dùng bữa cùng chúng tôi tại Gateway Buffet tối nay. Chúng tôi rất vui được phục vụ quý khách và hy vọng quý khách đã có một bữa ăn vui vẻ.
Xin quý khách cứ thư giãn và tận hưởng phần còn lại của buổi tối.","感谢您今晚光临 Gateway Buffet，很高兴为您服务，希望您用餐愉快。
接下来的时间请慢慢休息，祝您今晚愉快。","感謝您今晚光臨 Gateway Buffet，很高興為您服務，希望您用餐愉快。
接下來的時間請慢慢休息，祝您今晚愉快。","오늘 저녁 Gateway Buffet를 찾아 주셔서 감사합니다. 모시게 되어 즐거웠고, 좋은 시간 보내셨기를 바랍니다.
남은 저녁도 편안하게 즐기세요.","今夜はGateway Buffetにお越しいただき、ありがとうございました。お楽しみいただけましたか？
このあとも、どうぞごゆっくりお過ごしください。","Tak, fordi I var gæster hos os på Gateway Buffet i aften. Det har været en fornøjelse at betjene jer, og vi håber, I har nydt tiden hos os.
Slap endelig af, og nyd resten af aftenen.","Хвала вам што сте вечерас били наши гости у Gateway Buffet. Било нам је задовољство да вас услужимо и надамо се да сте уживали у времену проведеном са нама.
Слободно се опустите и уживајте у остатку вечери.","شكراً لانضمامكم إلينا في Gateway Buffet هذا المساء. لقد كان من دواعي سرورنا خدمتكم، ونأمل أن تكونوا قد استمتعتم بوقتكم معنا.
تفضّلوا بالاسترخاء والاستمتاع ببقية أمسيتكم.","Grazie per essere stati con noi al Gateway Buffet questa sera. È stato un piacere servirvi e speriamo che abbiate trascorso un piacevole momento.
Rilassatevi pure e godetevi il resto della serata.","ขอบคุณที่มาทานอาหารกับเราที่ Gateway Buffet คืนนี้ ดีใจที่ได้ดูแลคุณ หวังว่าคุณจะมีความสุขกับมื้อนี้
เชิญพักผ่อนและเพลิดเพลินกับช่วงเวลาที่เหลือของคืนนี้ได้เลย","Благодарим, что выбрали Gateway Buffet сегодня вечером. Нам было приятно вас обслуживать, и мы надеемся, что вам понравилось.
Отдыхайте и наслаждайтесь остатком вечера.","आज रात Gateway Buffet में हमारे साथ आने के लिए धन्यवाद। आपकी सेवा करना हमारे लिए सौभाग्य की बात रही, और हमें आशा है कि आपको अच्छा लगा।
कृपया आराम करें और शाम के बाक़ी समय का आनंद लें।","Өнөө орой Gateway Buffet-д ирсэнд баярлалаа. Танд үйлчилсэн нь бидэнд таатай байлаа, таалагдсан гэж найдаж байна.
Оройн үлдсэн хугацааг тайван сайхан өнгөрүүлээрэй."
"close.review.title","Share Your Experience","Compartan su experiencia","Compartilhem sua experiência","Partagez votre expérience","Teilen Sie Ihre Erfahrung","Deel uw ervaring","Chia sẻ trải nghiệm","分享您的体验","分享您的體驗","경험을 들려주세요","ご感想をお聞かせください","Del jeres oplevelse","Поделите своје утиске","شاركونا تجربتكم","Condividete la vostra esperienza","แบ่งปันประสบการณ์ของท่าน","Поделитесь впечатлениями","अपना अनुभव साझा करें","Сэтгэгдлээ үлдээгээрэй"
"close.review.text","If you have a moment, we'd love to hear about your experience at the Polynesian Cultural Center.
Your server will show you the QR code. Simply scan it and tap TripAdvisor to share feedback about your meal, your server, the villages, the buffet, or the night show.
Your feedback helps our team continue improving the guest experience, and we truly appreciate you taking the time to share it.","Si tienen un momento, nos encantaría conocer su experiencia en el Polynesian Cultural Center.
Su mesero les mostrará el código QR. Solo escanéenlo y toquen TripAdvisor para compartir su opinión sobre la comida, su mesero, las aldeas, el buffet o el espectáculo nocturno.
Sus comentarios ayudan a nuestro equipo a seguir mejorando la experiencia de nuestros visitantes, y les agradecemos sinceramente que se tomen el tiempo de compartirlos.","Se tiverem um momento, adoraríamos saber como foi a experiência de vocês no Polynesian Cultural Center.
Seu garçom vai mostrar o QR code. É só escaneá-lo e tocar em TripAdvisor para compartilhar sua opinião sobre a refeição, o garçom, as vilas, o buffet ou o show noturno.
Seus comentários ajudam nossa equipe a continuar melhorando a experiência dos visitantes, e agradecemos sinceramente por dedicarem um tempo a compartilhá-los.","Si vous avez un moment, nous serions ravis de connaître votre avis sur votre expérience au Polynesian Cultural Center.
Votre serveur vous présentera le code QR. Il vous suffit de le scanner et de toucher TripAdvisor pour partager votre avis sur votre repas, votre serveur, les villages, le buffet ou le spectacle du soir.
Vos commentaires aident notre équipe à améliorer sans cesse l'expérience de nos visiteurs, et nous vous remercions sincèrement de prendre le temps de les partager.","Wenn Sie einen Moment Zeit haben, würden wir uns freuen, von Ihrem Erlebnis im Polynesian Cultural Center zu hören.
Ihre Bedienung zeigt Ihnen den QR-Code. Scannen Sie ihn einfach und tippen Sie auf TripAdvisor, um uns Ihre Meinung zu Ihrem Essen, Ihrer Bedienung, den Dörfern, dem Buffet oder der Abendshow mitzuteilen.
Ihr Feedback hilft unserem Team, das Erlebnis unserer Gäste weiter zu verbessern, und wir danken Ihnen herzlich, dass Sie sich die Zeit dafür nehmen.","Heeft u even tijd? Dan horen wij graag hoe u uw bezoek aan het Polynesian Cultural Center heeft ervaren.
Uw ober laat u de QR-code zien. Scan deze en tik op TripAdvisor om uw mening te delen over uw maaltijd, uw ober, de dorpen, het buffet of de avondshow.
Uw feedback helpt ons team de ervaring van onze gasten steeds te verbeteren, en wij waarderen het zeer dat u de tijd neemt om die te delen.","Nếu có thời gian, chúng tôi rất mong được nghe về trải nghiệm của quý khách tại Polynesian Cultural Center.
Người phục vụ sẽ đưa mã QR cho quý khách. Quý khách chỉ cần quét mã và chọn TripAdvisor để chia sẻ cảm nhận về bữa ăn, người phục vụ, các ngôi làng, bữa buffet hoặc chương trình biểu diễn tối.
Ý kiến của quý khách giúp đội ngũ chúng tôi không ngừng nâng cao trải nghiệm của khách tham quan. Chúng tôi chân thành cảm ơn quý khách đã dành thời gian chia sẻ.","如果您方便，我们很想听听您在 Polynesian Cultural Center 的体验。
服务员会为您出示二维码。只需扫描并点击 TripAdvisor，就可以分享您对餐点、服务、各个村落、自助餐或夜间表演的感受。
您的反馈能帮助我们不断改进，感谢您抽空分享。","如果您方便，我們很想聽聽您在 Polynesian Cultural Center 的體驗。
服務人員會為您出示 QR 碼。只要掃描並點選 TripAdvisor，就可以分享您對餐點、服務、各個村落、自助餐或夜間表演的感受。
您的回饋能幫助我們不斷改進，感謝您撥空分享。","잠시 시간 괜찮으시면 Polynesian Cultural Center에서의 경험을 들려주세요.
담당 직원이 QR 코드를 보여 드립니다. 스캔한 뒤 TripAdvisor를 눌러 식사, 직원 서비스, 빌리지, 뷔페, 나이트 쇼에 대한 후기를 남겨 주세요.
남겨 주신 의견은 더 나은 서비스를 만드는 데 큰 도움이 됩니다. 시간 내 주셔서 감사합니다.","お時間があれば、Polynesian Cultural Centerでの思い出をぜひ聞かせてください。
スタッフがQRコードをお見せします。読み取ってTripAdvisorをタップすると、お料理やスタッフの対応、ビレッジ、ビュッフェ、ナイトショーについての感想を書き込めます。
いただいたご意見は、これからのサービスに役立てます。ご協力ありがとうございます。","Hvis I har et øjeblik, vil vi meget gerne høre om jeres oplevelse på Polynesian Cultural Center.
Jeres tjener viser jer QR-koden. Scan den, og tryk på TripAdvisor for at dele jeres feedback om måltidet, jeres tjener, landsbyerne, buffeten eller aftenshowet.
Jeres feedback hjælper vores team med at gøre gæsteoplevelsen endnu bedre, og vi sætter stor pris på, at I tager jer tid til at dele den.","Ако имате тренутак, радо бисмо чули какво је било ваше искуство у Polynesian Cultural Center-у.
Ваш конобар ће вам показати QR код. Само га скенирајте и додирните TripAdvisor да бисте поделили утиске о оброку, конобару, селима, шведском столу или вечерњој представи.
Ваши утисци помажу нашем тиму да стално унапређује искуство гостију, и искрено вам захваљујемо што сте одвојили време да их поделите.","إذا كان لديكم بعض الوقت، يسعدنا أن نسمع عن تجربتكم في Polynesian Cultural Center.
سيعرض عليكم النادل رمز QR. ما عليكم سوى مسحه والنقر على TripAdvisor لمشاركة رأيكم في وجبتكم أو النادل أو القرى أو البوفيه أو العرض المسائي.
تساعد آراؤكم فريقنا على مواصلة تحسين تجربة الضيوف، ونقدّر حقاً تخصيصكم الوقت لمشاركتها.","Se avete un momento, ci farebbe piacere conoscere la vostra esperienza al Polynesian Cultural Center.
Il vostro cameriere vi mostrerà il codice QR. Vi basterà scansionarlo e toccare TripAdvisor per condividere la vostra opinione sul pasto, sul cameriere, sui villaggi, sul buffet o sullo spettacolo serale.
Il vostro feedback aiuta il nostro team a migliorare continuamente l'esperienza degli ospiti, e vi ringraziamo sinceramente per il tempo che ci dedicherete.","ถ้ามีเวลา อยากฟังประสบการณ์ของคุณที่ Polynesian Cultural Center
พนักงานจะนำคิวอาร์โค้ดมาให้ แค่สแกนแล้วแตะ TripAdvisor เพื่อบอกเล่าความประทับใจเรื่องอาหาร พนักงาน หมู่บ้านต่าง ๆ บุฟเฟต์ หรือการแสดงภาคค่ำ
ความเห็นของคุณช่วยให้ทีมงานพัฒนาต่อไปได้ ขอบคุณที่สละเวลา","Если у вас найдётся минутка, мы будем рады узнать о ваших впечатлениях о Polynesian Cultural Center.
Ваш официант покажет QR-код. Просто отсканируйте его и нажмите TripAdvisor, чтобы оставить отзыв о еде, официанте, деревнях, шведском столе или ночном шоу.
Ваши отзывы помогают нашей команде становиться лучше, и мы искренне благодарны за уделённое время.","यदि आपके पास थोड़ा समय हो, तो हम Polynesian Cultural Center में आपके अनुभव के बारे में सुनना चाहेंगे।
आपका सर्वर आपको QR कोड दिखाएगा। बस उसे स्कैन करें और TripAdvisor पर टैप करके अपने भोजन, सर्वर, गाँवों, बफ़े या नाइट शो के बारे में प्रतिक्रिया दें।
आपकी प्रतिक्रिया से हमारी टीम को बेहतर होने में मदद मिलती है, और समय निकालने के लिए हम आपके आभारी हैं।","Завтай бол Polynesian Cultural Center-т хэрхэн өнгөрүүлснээ бидэнд хэлээрэй.
Үйлчлэгч тань QR код үзүүлнэ. Уншуулаад TripAdvisor дээр дарж хоол, үйлчилгээ, тосгонууд, шведийн ширээ, шөнийн шоуны талаар сэтгэгдлээ бичээрэй.
Таны санал бидэнд улам сайжрахад тусална. Цаг гаргасанд баярлалаа."
"close.survey.title","A Note for Later","Una nota para después","Um aviso para depois","Une note pour plus tard","Ein Hinweis für später","Een bericht voor later","Lưu ý sau chuyến đi","温馨提示","貼心提醒","나중에 받으실 안내","あとでのお願い","En besked til senere","Напомена за касније","ملاحظة لاحقة","Una nota per dopo","ข้อมูลสำหรับภายหลัง","Напоминание на потом","बाद के लिए एक सूचना","Дараа нь"
"close.survey.text","About a week after your visit, the person who purchased the tickets may receive a short email survey from the Polynesian Cultural Center about the overall experience.
If you receive one, we'd be grateful if you took a moment to share your feedback there as well.","Aproximadamente una semana después de su visita, la persona que compró los boletos podría recibir del Polynesian Cultural Center una breve encuesta por correo electrónico sobre la experiencia en general.
Si la reciben, les agradeceríamos que se tomaran un momento para compartir allí también sus comentarios.","Cerca de uma semana após a visita, quem comprou os ingressos poderá receber do Polynesian Cultural Center uma pesquisa curta por e-mail sobre a experiência como um todo.
Se a receberem, ficaremos gratos se puderem dedicar um momento para compartilhar sua opinião também por lá.","Environ une semaine après votre visite, la personne qui a acheté les billets pourra recevoir du Polynesian Cultural Center un court questionnaire par e-mail sur l'ensemble de l'expérience.
Si vous le recevez, nous vous serions reconnaissants de prendre un moment pour y donner également votre avis.","Etwa eine Woche nach Ihrem Besuch erhält die Person, die die Tickets gekauft hat, möglicherweise eine kurze E-Mail-Umfrage des Polynesian Cultural Center zum gesamten Erlebnis.
Falls Sie diese erhalten, wären wir Ihnen dankbar, wenn Sie sich auch dort einen Moment Zeit für Ihr Feedback nehmen würden.","Ongeveer een week na uw bezoek kan degene die de tickets heeft gekocht een korte e-mailenquête van het Polynesian Cultural Center ontvangen over de hele ervaring.
Ontvangt u deze, dan stellen wij het zeer op prijs als u ook daar even uw feedback wilt geven.","Khoảng một tuần sau chuyến tham quan, người đã mua vé có thể nhận được một email khảo sát ngắn từ Polynesian Cultural Center về trải nghiệm chung.
Nếu nhận được, chúng tôi rất biết ơn nếu quý khách dành chút thời gian chia sẻ ý kiến tại đó.","参观结束约一周后，购票人可能会收到 Polynesian Cultural Center 发送的一份简短电子邮件问卷，询问此次的整体体验。
如果您收到问卷，诚挚邀请您抽出片刻时间，在问卷中分享您的意见。","參觀結束約一週後，購票人可能會收到 Polynesian Cultural Center 寄出的一份簡短電子郵件問卷，詢問此次的整體體驗。
如果您收到問卷，誠摯邀請您撥出片刻時間，在問卷中分享您的意見。","방문 후 약 일주일 뒤, 티켓을 구매하신 분께 Polynesian Cultural Center에서 전반적인 경험에 대한 짧은 이메일 설문을 보내드릴 수 있습니다.
설문을 받으시면 잠시 시간을 내어 그곳에도 의견을 남겨 주시면 감사하겠습니다.","ご来場の1週間ほどあとに、チケットを購入された方へ、Polynesian Cultural Centerから体験についての短いアンケートメールが届くことがあります。
届いたら、そちらにもご感想をお寄せいただけるとうれしいです。","Cirka en uge efter jeres besøg kan den person, der købte billetterne, modtage en kort spørgeundersøgelse på e-mail fra Polynesian Cultural Center om den samlede oplevelse.
Hvis I modtager den, vil vi være taknemmelige, hvis I også tager et øjeblik til at dele jeres feedback dér.","Отприлике недељу дана након ваше посете, особа која је купила улазнице може добити од Polynesian Cultural Center-а кратку анкету путем е-поште о целокупном искуству.
Ако је добијете, били бисмо вам захвални ако бисте одвојили тренутак да и тамо поделите своје утиске.","بعد أسبوع تقريباً من زيارتكم، قد يتلقى الشخص الذي اشترى التذاكر استبياناً قصيراً عبر البريد الإلكتروني من Polynesian Cultural Center حول التجربة بشكل عام.
إذا وصلكم الاستبيان، فسنكون ممتنين لو خصّصتم لحظة لمشاركة رأيكم فيه أيضاً.","Circa una settimana dopo la visita, la persona che ha acquistato i biglietti potrebbe ricevere dal Polynesian Cultural Center un breve sondaggio via e-mail sull'esperienza complessiva.
Se lo riceverete, vi saremmo grati se poteste dedicare un momento a condividere anche lì il vostro feedback.","ประมาณหนึ่งสัปดาห์หลังการเยี่ยมชม ผู้ที่ซื้อบัตรอาจได้รับแบบสอบถามสั้น ๆ ทางอีเมลจาก Polynesian Cultural Center เกี่ยวกับประสบการณ์โดยรวม
หากท่านได้รับ เราจะขอบคุณเป็นอย่างยิ่งหากท่านสละเวลาสักครู่เพื่อแบ่งปันความคิดเห็นในแบบสอบถามนั้นด้วย","Примерно через неделю после визита человек, купивший билеты, может получить на почту короткий опрос от Polynesian Cultural Center об общих впечатлениях.
Если вы его получите, будем признательны, если вы уделите минуту и поделитесь мнением и там.","आपकी यात्रा के लगभग एक सप्ताह बाद, टिकट ख़रीदने वाले व्यक्ति को Polynesian Cultural Center की ओर से समग्र अनुभव के बारे में एक छोटा ईमेल सर्वे मिल सकता है।
यदि आपको वह मिले, तो कृपया कुछ क्षण निकालकर वहाँ भी अपनी राय साझा करें, हम आभारी होंगे।","Айлчилснаас хойш ойролцоогоор нэг долоо хоногийн дараа тасалбарыг авсан хүнд Polynesian Cultural Center-ээс туршлагын талаарх богино и-мэйл санал асуулга ирж магадгүй.
Ирвэл тэнд ч бодлоо хуваалцвал баяртай байх болно."
"close.server","Your server tonight:","Su mesero esta noche:","Seu garçom esta noite:","Votre serveur ce soir :","Ihre Bedienung heute Abend:","Uw ober vanavond:","Người phục vụ tối nay:","今晚为您服务的是：","今晚為您服務的是：","오늘 저녁 담당 직원:","本日の担当：","Jeres tjener i aften:","Ваш конобар вечерас:","النادل الذي يخدمكم الليلة:","Il vostro cameriere stasera:","พนักงานเสิร์ฟของท่านในค่ำคืนนี้:","Ваш официант сегодня вечером:","आज रात आपके सर्वर:","Өнөө оройн үйлчлэгч:"
"close.end","Mahalo Nui Loa","Mahalo nui loa","Mahalo nui loa","Mahalo nui loa","Mahalo nui loa","Mahalo nui loa","Mahalo nui loa","Mahalo nui loa","Mahalo nui loa","Mahalo nui loa","Mahalo nui loa","Mahalo nui loa","Mahalo nui loa","Mahalo nui loa","Mahalo nui loa","Mahalo nui loa","Махало нуи лоа","महालो नुई लोआ","Махало нуи лоа"
"close.qrNote","Your server will show you the QR code when you're ready.","Su mesero les mostrará el código QR cuando estén listos.","Seu garçom vai mostrar o QR code quando vocês estiverem prontos.","Votre serveur vous présentera le code QR dès que vous serez prêts.","Ihre Bedienung zeigt Ihnen den QR-Code, sobald Sie bereit sind.","Uw ober laat u de QR-code zien wanneer u er klaar voor bent.","Người phục vụ sẽ đưa mã QR khi quý khách sẵn sàng.","当您准备好时，服务员会为您出示二维码。","當您準備好時，服務人員會為您出示QR碼。","준비되시면 담당 직원이 QR 코드를 보여 드립니다.","準備ができたら、スタッフがQRコードをお見せします。","Jeres tjener viser jer QR-koden, når I er klar.","Ваш конобар ће вам показати QR код када будете спремни.","سيعرض عليكم النادل رمز QR متى كنتم مستعدين.","Il vostro cameriere vi mostrerà il codice QR quando sarete pronti.","พนักงานเสิร์ฟจะนำคิวอาร์โค้ดมาให้เมื่อท่านพร้อม","Ваш официант покажет QR-код, когда вы будете готовы.","जब आप तैयार होंगे, तब आपका सर्वर आपको QR कोड दिखाएगा।","Бэлэн болмогц үйлчлэгч тань QR кодыг үзүүлнэ."
"close.endNote","Thank you for spending part of your day with us.
Mahalo nui loa, and enjoy the rest of your evening!","Gracias por pasar parte de su día con nosotros.
¡Mahalo nui loa y disfruten el resto de su velada!","Obrigado por passarem parte do seu dia conosco.
Mahalo nui loa e aproveitem o restante da noite!","Merci d'avoir passé une partie de votre journée avec nous.
Mahalo nui loa, et excellente fin de soirée !","Vielen Dank, dass Sie einen Teil Ihres Tages mit uns verbracht haben.
Mahalo nui loa und noch einen schönen Abend!","Hartelijk dank dat u een deel van uw dag met ons heeft doorgebracht.
Mahalo nui loa, en nog een fijne avond!","Cảm ơn quý khách đã dành một phần thời gian trong ngày cùng chúng tôi.
Mahalo nui loa! Chúc quý khách buổi tối thật vui vẻ!","感谢您今天与我们共度这段时光。
Mahalo nui loa！祝您晚上愉快！","感謝您今天與我們共度這段時光。
Mahalo nui loa！祝您有個愉快的夜晚！","오늘 하루의 소중한 시간을 저희와 함께해 주셔서 감사합니다.
Mahalo nui loa! 즐거운 저녁 보내세요!","今日のひとときをご一緒できて、うれしかったです。
Mahalo nui loa！素敵な夜をお過ごしください！","Tak, fordi I tilbragte en del af jeres dag med os.
Mahalo nui loa, og hav en dejlig aften!","Хвала вам што сте део свог дана провели са нама.
Mahalo nui loa и пријатно вече!","شكراً لقضائكم جزءاً من يومكم معنا.
Mahalo nui loa، ونتمنى لكم أمسية سعيدة!","Grazie per aver trascorso parte della vostra giornata con noi.
Mahalo nui loa e buona serata!","ขอบคุณที่ใช้เวลาส่วนหนึ่งของวันกับเรา
Mahalo nui loa ขอให้ท่านมีค่ำคืนที่แสนสุข!","Спасибо, что провели с нами часть своего дня.
Махало нуи лоа, и приятного вечера!","अपने दिन का कुछ समय हमारे साथ बिताने के लिए धन्यवाद।
महालो नुई लोआ, और अपनी शाम का आनंद लें!","Өдрийнхөө нэг хэсгийг бидэнтэй өнгөрүүлсэнд баярлалаа.
Махало нуи лоа, оройг сайхан өнгөрүүлээрэй!"
"status.open","Open now","Abierto ahora","Aberto agora","Ouvert","Jetzt geöffnet","Nu open","Đang mở","开放中","開放中","운영 중","営業中","Åbent nu","Отворено","مفتوح الآن","Aperto ora","เปิดอยู่","Открыто","अभी खुला है","Одоо нээлттэй"
"status.soon","Closing soon","Cierra pronto","Fecha em breve","Ferme bientôt","Schließt bald","Sluit binnenkort","Sắp đóng","即将结束","即將結束","곧 마감","まもなく終了","Lukker snart","Ускоро се затвара","يُغلق قريباً","Chiude a breve","ใกล้ปิดแล้ว","Скоро закроется","जल्द बंद होगा","Удахгүй хаагдана"
"status.ended","Closed for today","Cerrado por hoy","Fechado por hoje","Fermé pour aujourd'hui","Heute geschlossen","Gesloten voor vandaag","Hôm nay đã kết thúc","今日已结束","今日已結束","오늘 운영 종료","本日は終了","Lukket for i dag","Затворено за данас","مغلق لهذا اليوم","Chiuso per oggi","ปิดแล้วสำหรับวันนี้","На сегодня закрыто","आज के लिए बंद","Өнөөдөр хаалттай"
"status.next","Next:","Próximo:","Próximo:","Prochain :","Nächste:","Volgende:","Tiếp theo:","下次：","下次：","다음:","次：","Næste:","Следеће:","التالي:","Prossimo:","รอบถัดไป:","Далее:","अगला:","Дараагийнх:"
"status.gatesIn","Gates open in {m} min","Las puertas abren en {m} min","Portões abrem em {m} min","Ouverture des portes dans {m} min","Einlass in {m} Min.","Deuren open over {m} min","Cổng mở sau {m} phút","{m}分钟后开放入场","{m}分鐘後開放入場","{m}분 후 입장 시작","開場まで{m}分","Dørene åbner om {m} min.","Улаз се отвара за {m} мин","تُفتح البوابات بعد {m} دقيقة","Apertura cancelli tra {m} min","ประตูเปิดในอีก {m} นาที","Вход откроется через {m} мин","द्वार {m} मिनट में खुलेंगे","Хаалга {m} минутын дараа нээгдэнэ"
"status.gatesOpen","Gates open · show in {m} min","Puertas abiertas · espectáculo en {m} min","Portões abertos · show em {m} min","Portes ouvertes · spectacle dans {m} min","Einlass läuft · Show in {m} Min.","Deuren open · show over {m} min","Cổng đã mở · biểu diễn sau {m} phút","已开放入场 · {m}分钟后开演","已開放入場 · {m}分鐘後開演","입장 중 · {m}분 후 공연","開場中・開演まで{m}分","Dørene er åbne · show om {m} min.","Улаз је отворен · представа за {m} мин","البوابات مفتوحة · يبدأ العرض بعد {m} دقيقة","Cancelli aperti · spettacolo tra {m} min","ประตูเปิดแล้ว · การแสดงเริ่มในอีก {m} นาที","Вход открыт · шоу через {m} мин","द्वार खुले हैं · शो {m} मिनट में","Хаалга нээлттэй · шоу {m} минутын дараа"
"status.gates","Gates open","Apertura de puertas","Abertura dos portões","Ouverture des portes","Einlass","Deuren open","Mở cổng","开放入场","開放入場","입장 시작","開場","Dørene åbner","Отварање улаза","فتح البوابات","Apertura cancelli","ประตูเปิด","Вход открыт","द्वार खुलेंगे","Хаалга нээгдэнэ"
"status.starts","Show starts","Inicio del espectáculo","Início do show","Début du spectacle","Showbeginn","Show begint","Giờ biểu diễn","表演开始","表演開始","공연 시작","開演","Showet begynder","Почетак представе","بدء العرض","Inizio spettacolo","เริ่มการแสดง","Начало шоу","शो शुरू होगा","Шоу эхэлнэ"
"status.scanHint","Scan the QR code, then tap TripAdvisor","Escaneen el código QR y toquen TripAdvisor","Escaneiem o QR code e toquem em TripAdvisor","Scannez le code QR, puis touchez TripAdvisor","QR-Code scannen, dann auf TripAdvisor tippen","Scan de QR-code en tik op TripAdvisor","Quét mã QR rồi chọn TripAdvisor","扫描二维码，然后点击 TripAdvisor","掃描QR碼，然後點擊 TripAdvisor","QR 코드 스캔 후 TripAdvisor를 눌러 주세요","QRコードを読み取って、TripAdvisorをタップ","Scan QR-koden, og tryk derefter på TripAdvisor","Скенирајте QR код, па додирните TripAdvisor","امسحوا رمز QR، ثم انقروا على TripAdvisor","Scansionate il codice QR, poi toccate TripAdvisor","สแกนคิวอาร์โค้ด แล้วแตะ TripAdvisor","Отсканируйте QR-код и нажмите TripAdvisor","QR कोड स्कैन करें, फिर TripAdvisor पर टैप करें","QR кодыг уншуулаад TripAdvisor дээр дарна уу"
